C1,C2,C3,C4,C5,C6,C7,C8,C9,C10,Username,Bid,Tricks
JD,7C,4C,8C,6S,6D,7H,AH,8S,5D,Rich,7N,5
9H,7S,AC,7H,JD,JS,QS,TS,KH,JC,John P,7S,8
TH,7S,6C,5S,JH,JJ,KS,8D,8C,7H,kitty,7H,9
KC,KS,4S,4C,KH,JS,5S,8H,9H,QS,kitty,6S,10
KD,7S,QD,4D,7D,4H,KH,TH,5H,6C,jrb,6N,3
4S,8H,8D,AS,KS,4H,7H,JS,KH,TH,John P,7S,7
KC,QS,9H,AH,TC,JS,JC,5H,9D,JD,John P,7C,9
AH,QC,7C,4H,5S,8H,KD,6H,QH,7S,Rich,6H,7
4C,QD,9D,JC,KC,5D,9C,KS,8S,7D,kitty,7C,5
TH,QC,5H,JH,JJ,QD,JC,7H,4H,TC,Rich,6C,8
TC,KC,JC,8H,4C,5H,AH,9D,7C,7S,jrb,7C,9
JH,AS,8D,AH,5S,4C,9H,9D,QH,QS,kitty,6H,6
7H,JD,KH,TC,KS,7S,AD,5S,JJ,QC,John P,6H,9
8S,5S,KS,JD,JH,8H,9C,9S,7D,QD,John P,6D,9
JH,AD,9D,9S,JJ,JC,9C,7C,QS,AH,jrb,8C,8
AH,QS,7C,7S,8S,TD,JJ,6H,TC,JC,Mike,7C,10
KS,6H,4C,5C,TH,6S,KH,AH,QD,7H,John P,7N,4
QH,QS,6C,QC,4S,TC,5C,7S,AS,JC,John P,7S,6
6C,5D,TD,JJ,JH,QC,9D,7C,KD,6H,John P,7D,9
AH,9H,7C,6H,KC,JD,5S,7H,QS,KD,Mike,6H,9
KD,6C,4D,8D,KS,TH,AD,6D,7C,JD,Mike,7D,9
KC,7D,9C,7S,8H,KH,4C,TS,8S,4H,Matt,6H,7
JD,TD,5C,8S,QC,AS,TC,7H,JH,JC,jrb,6H,8
AH,JD,6D,7D,5D,8H,6C,JJ,5H,6S,John P,7H,7
4S,QS,AH,5H,7D,JD,TD,4H,JJ,8H,John P,7H,10
7H,5D,9D,7S,QC,AC,5C,9S,8D,4D,Matt,7N,5
JH,9C,8H,QS,8D,QD,JC,KH,9H,4D,Matt,6H,7
TH,7C,JJ,TD,KC,QS,5C,4S,TC,8C,John P,7C,9
6D,AD,TH,9S,JD,9C,QS,JS,JH,KH,John P,7D,7
9S,JS,5C,KH,7H,5H,5S,TH,8S,JC,Dani,7S,8
AC,9C,7D,7C,JH,QH,7S,KS,9S,5S,Dani,7C,8
JH,9C,8S,QH,JC,KH,AH,8D,JJ,AS,John P,7H,9
KH,8H,5C,5H,7H,QS,JD,7S,6H,8C,John P,6H,7
TH,JC,4D,5C,6D,5S,8C,5D,9H,5H,kitty/rich,7S,7
8C,4C,7C,9S,7D,JS,AS,4S,4D,JJ,Dani,7S,8
8S,7S,6H,5S,QS,5D,JH,KD,QH,7H,Dani,7S,9
JH,4S,QS,QH,9S,JC,6H,8H,7H,9H,John P,7H,8
JJ,6S,KH,4H,QC,KC,5S,QD,6C,KS,jrb,6N,9
TH,4H,8H,KC,8C,8S,4C,JC,9S,JS,John P,8C,7
4D,9D,5H,QD,5D,KD,QS,4C,6H,AH,John P,6N,9
8D,5D,AC,JH,KS,KH,QD,9H,4S,5H,jrb,7H,8
5S,9C,8C,6S,QC,JC,AD,JS,7S,4C,kitty/rich,7C,7
TS,JJ,JH,5D,5C,9H,6D,AH,9S,5H,Little John,8H,7
KD,JD,JH,8H,6S,9H,5H,5C,6H,7H,kitty/rich,7H,8
JS,6H,AH,9C,TS,JD,JJ,QH,KD,QS,Little John,7H,8
6H,7H,7S,4H,9H,TH,9C,JH,KC,AH,Chris,7H,9
TC,KH,QD,AH,8D,5H,7D,JC,TS,6H,AME,6H,7
4H,KD,AH,QD,JD,KS,6C,5C,8D,QS,Little John,7D,8
JJ,5C,4D,AD,AH,9S,JC,8D,4H,8C,Zach,7C,9
AH,6H,8H,JC,AC,JD,8D,JS,9S,9H,Chris,7H,6
9D,TH,JD,QS,TS,TD,9C,AD,QD,8H,Dani,7D,10
5D,QH,7C,AH,TS,9H,AC,JH,KD,AS,Chris,7H,5
8S,JD,TS,6H,JJ,7C,8H,AC,4D,JH,John P,7H,8
9C,QC,JJ,7S,8H,JH,5C,4D,JC,AH,AME,7C,8
KC,AH,TH,6D,5H,QD,7D,4D,JD,8H,John P,8H,8
4D,KH,8D,JD,7C,8H,JJ,QH,7S,6D,Zach,7H,8
8S,TC,4S,AH,JD,QS,7H,5C,JS,AS,Little John,7S,8
QC,7D,KS,AD,9C,KC,5D,JC,4S,7C,Zach,8C,8
AD,8D,TD,4D,KD,5D,9D,4C,QD,6C,Chris,8D,10
AC,9D,TC,TD,9S,7S,AS,QS,9C,5D,AME,6N,6
7D,9C,9H,TH,KC,KH,AD,AC,AH,4D,Little John,6N,5
5C,JC,9C,5D,QD,KS,AS,JJ,4H,7C,Dani,8C,10
TH,AC,7H,JJ,AH,JD,9S,4H,6D,6H,Chris,8H,9
9H,KH,6H,7S,TH,JS,JH,5S,JJ,AC,AME,7H,7
4C,4D,TD,JJ,9H,6C,KS,KD,5S,8D,Matt,7H,5
9D,QH,6C,JJ,AS,9H,KC,JH,8H,9C,Matt,7H,7
JS,4D,AD,9D,KD,6D,JJ,JD,TD,5C,Matt,8D,10
AS,KC,JH,JJ,JD,TC,5D,6S,AD,7C,Chris,8D,9
8D,8S,6H,JJ,TS,8C,5S,AD,KD,JD,Matt,7D,9
AD,AC,AS,8D,JC,4D,JD,KD,KS,QS,AME,7N,7
9D,AH,JD,JJ,AC,5C,QC,8H,6D,7D,Dani,6D,8
JJ,KH,8C,QC,JD,7S,4C,6H,QD,5S,jrb,7H,9
JJ,8D,KD,QS,TC,AD,AH,5C,4C,6C,Matt,7D,7
AS,5S,TH,9S,6S,JJ,AH,JD,AC,8S,jrb,6N,10
AD,KS,JS,JH,7S,6D,8H,7D,QS,9H,Dani,8D,10
8D,5S,JH,9C,6H,4H,4C,4S,7S,KD,Mike,7D,7
6C,5C,AH,KD,4D,JH,7D,QC,9D,4S,Chris,7D,9
4C,QD,AC,AS,9D,7C,7D,JS,QC,AH,Chris,7C,10
AD,AS,QD,JD,QH,AC,JH,4H,6C,9H,John P,8H,9
QS,AH,7H,TC,4C,JH,5D,5H,7D,8C,John P,6H,5
7C,AS,5C,9S,KS,8S,TD,4H,7S,JH,jrb,7H,3
KS,AS,9C,JD,8D,QD,4H,JS,QC,AD,Chris,6N,7
JD,4H,TD,7S,KH,KD,AS,AD,9D,6S,Chris,7D,9
4C,QS,AD,7D,AC,AH,8C,4D,5S,KD,Chris,6N,9
9H,4H,TH,JH,4C,JD,9D,KD,5C,KC,John P,7H,9
JH,JD,TS,5H,AH,JJ,JC,KH,AD,QD,Mike,8H,10
JS,AH,JJ,8D,AD,AC,9H,TH,TS,8S,Chris,7S,10
8H,7H,QC,4S,KD,8S,AD,6C,9D,8C,Chris,7D,7
8H,AH,QD,AC,KH,9S,JC,AS,4S,7D,Mike,6N,8
7C,6D,KC,QH,KD,KH,4H,QC,JH,JJ,jrb,6H,7
TH,6S,JC,JJ,TC,8S,AH,AD,8C,7S,Dani,7C,7
5C,QS,AC,JS,JD,AH,TC,AD,QD,QH,Zach,7N,6
JC,5D,9D,JH,4H,JS,6D,8C,9H,KH,John P,6H,7
8D,5C,4D,QD,JH,AS,KS,6D,JS,JC,Zach,7D,9
9H,4S,4H,6H,7C,JS,4C,QC,AS,QD,jrb,7S,8
7H,TD,KH,JS,9S,QS,AS,8D,AC,TC,Zach,7N,8
5D,KC,AC,QH,JD,9C,6H,TH,5S,6D,Dani,7H,6
JS,6H,JC,TC,7H,JD,TS,KC,8D,9H,jrb,7N,7
6C,TH,JS,KD,8S,4C,QD,QH,QC,JJ,Dani,7D,6
9C,JS,7S,7C,AC,6D,8H,6C,QS,QC,Zach,7C,7
AD,TH,JJ,4D,JD,9C,KC,8D,QS,KH,Dani,7D,10
AD,TC,QC,TH,JD,TD,5S,6D,8H,QD,Zach,7D,6
AD,AS,9D,KD,AH,JD,QS,6H,TH,JH,Dani,7H,10
KS,8H,JS,KD,JD,5D,QC,TD,AH,7D,Zach,7D,9
KH,6C,6D,6S,KD,AS,TS,5S,KC,4D,John P,6N,6
8D,9D,JS,JH,6D,JC,KC,9C,7S,TD,jrb,7C,10
5D,6H,5S,9D,8C,KS,9H,TD,6C,4D,Dani,8H,6
8S,AD,JC,QH,4H,4D,4C,AH,JH,KS,Dani,7H,4
AC,6D,9H,JJ,TH,JD,JS,8S,8D,AH,jrb,7D,10
5S,JD,AD,KC,7C,7S,JH,6C,5C,5H,Mike,6D,9
AC,AH,AS,7H,KH,5C,5S,9H,QC,KD,jrb,8H,8
JJ,6S,9S,KH,8H,TH,5S,7C,5D,9H,John P,6H,5
6C,JJ,7H,7C,5D,7D,6H,9D,JC,KC,jrb,6C,7
4C,AS,6D,5D,JC,TH,AH,8H,QD,TS,Mike,7C,9
6S,5H,9H,7C,JJ,4H,JH,5C,TC,JS,Mike,6H,7
9S,AC,KS,8S,TS,7S,8C,4S,QD,5S,John P,7S,9
QS,TD,9H,7H,8S,7C,4D,TH,JD,JH,John P,7H,5
JJ,JC,5D,4D,7C,TH,AH,6H,AC,JS,Dani,7C,10
JC,AH,4S,8D,8S,JH,6H,AD,7D,9D,John P,6D,9
7D,8C,QS,AD,9D,8H,KS,AS,QC,7H,Dani,6N,8
AS,7D,5S,6D,7C,JC,5C,JH,QC,6S,AME,7S,8
6S,6D,TH,KH,JD,KD,4C,8H,KS,QH,jrb,6H,7
TS,AD,QD,JH,JD,8D,5D,5H,5C,QS,Dani,7D,10
4S,KD,6C,QC,JC,TH,9C,AC,JJ,8S,jrb,6N,5
8D,4D,JD,KH,JC,JJ,5D,8S,TH,7D,Dani,7D,9
AC,AS,7S,AH,JD,8S,TD,QS,5D,JS,Mike,8S,6
8C,9S,JS,QC,AD,JC,4C,QH,4D,6D,Little John,7C,10
5S,4S,QH,7D,5H,4C,6C,7C,KH,8D,Zach,6H,7
7S,6D,KD,AD,KH,5H,8H,JC,5D,9H,jrb,7H,9
JS,4D,7H,JC,6H,9C,8S,KS,8H,KH,Becky,7S,6
6D,8C,9C,9H,JH,5H,5D,JJ,TD,QH,AME,7H,10
5D,JD,5H,TD,AH,7D,9C,9H,5C,JJ,John P,7D,6
9D,KH,AS,JJ,9S,QD,TD,JH,8C,5D,jrb,7D,9
QC,9D,AD,KC,QS,8H,JS,4H,TC,JH,Zach,7N,5
5C,TS,4H,JS,9S,KC,9D,6H,QS,6D,Little John,8C,7
9S,8S,KH,6C,AH,8C,JH,5C,5H,4H,Becky,6H,9
JD,QD,8C,TD,4S,7S,7H,4H,AH,6D,jrb,6D,6
JJ,JC,AD,9S,4H,5S,7H,TS,TH,QD,John P,7S,10
KH,AH,JH,4D,4H,6D,AD,7D,JJ,TS,Little John,7H,9
JC,7S,8H,8S,4S,JS,JJ,AS,4H,KS,John P,9S,9
6C,8D,TH,KC,JD,9C,KD,7D,8H,TD,jrb,6D,8
AC,6H,KC,5S,AH,4H,5D,6S,TD,AS,Little John,6N,6
QH,JH,8C,8D,5H,TD,TC,8H,9C,7H,AME,6H,6
9S,9H,JS,QH,TH,6C,KH,4H,8D,AH,jrb,6N,7
4D,KH,6S,TD,5H,AH,8C,AS,JC,AC,Mike,7C,6
QC,QH,7H,JH,8C,JD,8D,6H,8S,JC,Mike,7H,5
JD,TS,TD,9D,AD,JH,JC,8C,KC,4S,Little John,7D,8
QS,JC,AD,5S,9S,AS,9D,6H,AC,JD,Mike,6N,6
KH,JD,JJ,JS,9C,8C,JC,7S,5S,6S,jrb,7S,10
TD,KC,JS,JC,6S,AH,6D,KD,5D,5H,jrb,6C,6
JJ,7C,QS,AH,KH,TD,4H,7S,6H,JC,jrb,7N,8
JC,JJ,KD,QS,TS,5H,5S,AH,4S,KH,John P,7S,8
AH,QC,QH,KS,7D,QS,KH,8D,TH,AS,John P,7N,6
8S,QS,QD,6S,8H,KC,JC,6C,AD,AC,jrb,7C,7
4S,9H,6H,6S,6C,KS,6D,JS,8S,QH,Mike,7S,6
QS,QH,AC,KH,AH,6C,8H,4S,5H,4C,Mike,6H,7
AH,4S,TS,7D,8H,4D,QH,AS,KS,AC,Becky,7S,8
AC,9D,AS,6D,9H,KC,KS,JJ,QS,6C,Mike,7S,5
6H,JJ,QH,8H,JH,TH,4C,AC,9S,QS,jrb,8H,10
QD,QH,6S,AD,7D,9H,JD,4S,TD,JC,John P,7D,7
AH,KC,9H,7C,5H,TD,JD,6S,JH,KH,John P,7H,7
4H,AC,JD,KD,KH,7H,6S,9D,JJ,QD,jrb,7D,10
AS,KD,7D,5D,AD,5C,8S,7H,KS,QS,jrb,6N,8
AD,KS,9C,JJ,4D,6D,7S,TD,TS,6H,jrb,6N,10
8C,4S,7H,KH,JH,AS,6H,9H,5D,JC,John P,6H,9
9H,7C,8C,6H,QC,6S,JJ,AC,KC,4S,Mike,7C,7
AS,JJ,JS,4S,TD,KS,4H,AD,5S,JC,John P,9S,10
QH,AD,8S,AS,9D,5H,JS,4D,TS,TH,jrb,6S,6
AH,AS,TH,AD,8H,4D,5H,9D,QC,7D,jrb,7N,8
QC,4H,JC,4D,8H,KS,JS,JH,7D,6D,Mike,7S,8
9D,TS,QC,5C,AD,8C,KS,7C,7H,QH,AME,7N,5
8D,KC,9S,4D,7D,5S,AH,TC,AC,JD,AME,7C,8
8C,8S,KH,4H,QC,KD,JJ,5H,QH,8H,AME,6N,8
AC,AS,9S,KS,4C,KD,7D,JJ,AD,AH,jrb,8N,7
6H,JJ,KS,AH,4H,7D,QC,JD,JH,8C,jrb,7H,9
6C,AH,9D,JH,9S,KS,KH,QS,8S,7D,Mike,6H,10
8H,5H,9C,4C,4H,8D,QS,JD,9S,KH,jrb,8H,9
JS,9H,JJ,5C,9S,6H,AC,QH,6C,5D,Dani,7H,9
AH,9H,8H,KD,JS,TS,5S,KH,AC,AD,AME,7N,9
KD,AC,JD,KC,8D,JC,8H,8S,AS,JS,jrb,7C,9
9C,KD,4S,AS,8D,TC,7H,6S,QC,4H,AME,6N,2
KD,JH,AH,4H,TS,4C,7H,TH,9D,8D,Dani,7H,7
JH,AS,5S,JD,TD,AD,4S,KD,QC,4H,Dani,8D,7
JJ,7H,JH,QC,QD,KH,AH,TD,5D,9D,Dani,7H,9
QH,KS,JD,9D,8D,7S,JH,TD,7D,6C,AME,6D,9
KS,5H,4D,JH,JD,5C,TD,8D,JJ,TC,jrb,7D,9
TH,5D,TD,6C,7C,7H,6D,JH,9S,QD,John P,,7
TS,KS,TC,AH,JH,9H,KC,6H,8H,KD,John P,7H,6
JH,JJ,KS,7C,QD,5D,AS,4S,9S,JD,jrb,8D,10
KS,7S,QC,AC,9C,7H,JS,7D,8C,4C,Mike,7C,9
JD,TS,QC,8D,JC,6S,8C,7D,8S,6H,Mike,7S,7
TH,7S,KH,TC,6D,QH,AC,8C,AH,8S,Mike,6N,7
7H,5S,5C,7D,7C,QC,6H,KC,KH,8C,Becky,7C,10
5H,4S,4D,JD,4C,TC,5S,4H,AH,7H,jrb,6H,9
AH,TS,AC,AD,5S,KS,7D,JD,7H,5H,Mike,6N,6
8D,4S,AS,QS,6S,TC,JS,5D,JC,5C,Mike,8S,8
TC,9H,5C,TD,AS,QD,8C,QC,6D,7C,Mike,7S,8
QS,8C,8S,4C,JJ,KH,AC,TC,7S,JH,jrb,6H,4
TD,4S,8S,5H,KC,7H,JJ,AC,JS,QS,jrb,7N,7
AS,JJ,TC,KS,JH,8C,5S,4D,TD,AD,kitty/rich,6D,9
8C,6S,5C,5D,TH,8H,7S,KS,JS,JJ,John P,8C,8
AD,AH,AS,JD,QS,8S,5H,6C,KS,6S,kitty/rich,6N,9
TD,KH,6S,8H,KS,5H,JH,5C,AD,AS,jrb,7H,8
AD,TS,QC,5D,QD,4C,KS,7C,KC,JH,jrb,6D,6
8D,JH,5H,TC,9H,9C,4S,QH,AC,JD,jrb,7H,10
4S,9D,9S,QH,KD,7H,JH,7D,JJ,8H,AME,7H,9
9D,9H,6D,5C,8D,8S,TS,AH,4C,JD,AME,7D,8
JH,TD,JC,QS,8H,KH,4H,9H,AH,5C,jrb,7H,8
AH,TC,QS,6C,4S,KC,8S,JH,7H,KD,Mike,6H,6
TS,JC,8S,4D,5C,4S,7C,KC,QC,AC,kitty,8C,9
7C,5C,AC,8S,JS,JJ,KH,6D,6C,4C,kitty,8C,7
JC,KH,4H,TC,JS,9D,TH,AH,5D,QH,jrb,7H,8
AS,JH,7D,6D,QC,KC,AC,5D,KH,7S,jrb,7H,6
JJ,AD,5C,KH,KS,7C,AS,9D,JS,QC,John P,7S,7
JD,8H,JH,QH,AH,8S,JS,KD,5S,8D,John P,6H,9
JD,7S,6S,QH,9S,AH,5H,AC,QC,8S,kitty,6H,9
7H,TH,5H,KH,9H,KS,5S,QC,JD,6H,kitty,6H,9
8D,JD,7D,5S,KH,JH,TH,JC,5D,AC,jrb,8D,9
4C,JC,TH,6S,KC,AH,8H,6H,KH,JD,jrb,7H,8
8C,JH,QC,QD,6S,4D,AC,9H,TD,8S,Zach,7D,8
9S,8C,8H,5H,5D,JC,6C,JH,7C,AS,jrb,6C,5
6S,JD,7D,JH,9H,9D,QS,8C,QC,AD,jrb,6D,7
TS,AS,9D,5C,TD,QD,7H,JH,7S,AD,Mike,7D,8
KS,7C,JS,4H,JH,JJ,QH,9D,5D,4C,Zach,6H,10
9D,JJ,5C,TD,4D,AH,4H,JH,7D,8S,jrb,6D,9
4C,4D,5D,6C,5C,AC,QS,KD,6D,QC,Zach,7C,6
JH,JC,7H,7D,TH,JD,8S,9D,QC,AD,jrb,7D,7
JC,5C,6D,AH,7C,8C,TC,6C,TD,4C,jrb,8C,7
TH,AD,6C,QS,KC,9H,7H,KH,JS,5C,Zach,6C,9
7C,AH,7H,AC,KD,QH,JD,JC,6C,8S,jrb,6C,8
AH,9C,JJ,JC,QD,6C,9H,TD,TC,8H,jrb,7C,7
AC,5D,AS,5H,4C,7H,JS,6S,AD,AH,Mike,8S,8
7D,JJ,8S,8C,5H,TC,JD,8D,4C,AD,John P,7D,8
5C,9D,8S,4C,7C,6D,7D,4D,8H,KD,Zach,6D,7
AC,JJ,6C,9D,JH,4H,QD,KS,4D,5D,Zach,7D,10
8S,AH,7H,AD,4D,4H,5H,JD,JC,QH,Zach,7H,9
AS,TC,JJ,QD,7S,7H,KC,JC,5D,QC,Mike,8C,8
QC,JC,TS,4H,AD,5C,7D,8C,6C,9D,jrb,8C,8
8H,4C,8S,JJ,JS,AH,9C,KC,7D,QH,jrb,6N,8
TD,8D,5S,6D,KC,JS,7D,JD,AD,TH,Dani,7D,8
QS,AH,TH,7S,5D,TS,7C,9C,4S,JS,Dani,7S,6
8C,7D,AH,JJ,KH,9S,KC,6H,7S,AD,Dani,6N,9
QS,KD,8S,5D,JJ,AS,TH,JC,AH,JH,Dani,7S,10
5H,6H,JS,KH,9H,JD,7C,5S,QH,KC,jrb,8H,7
QC,KD,JS,6D,TH,JJ,9S,4C,6H,KH,Dani,7C,6
5H,5D,4S,6C,9H,7S,JJ,JH,5C,4D,jrb,6H,6
5S,5H,AC,JC,7S,JS,KH,7D,9H,KS,John P,7S,9
TC,AC,JD,KD,AS,4C,TH,5S,QC,7S,Dani,6N,9
JJ,6S,4S,JS,9D,4H,5S,QD,JH,KD,John P,6D,8
4S,TC,7S,7D,KH,QD,JH,TD,7H,JD,John P,7D,8
7D,5D,AS,9H,7S,TD,JH,JD,KH,QS,Mike,7H,8
QD,JJ,9C,6D,6H,TD,7D,TS,KD,7S,Mike,7D,8
QD,9C,8D,6D,JJ,4H,AH,TD,9S,JS,Little John,6D,9
5C,6D,JJ,6C,5S,JH,AH,4H,5D,9D,Little John,NL,0
6S,AH,6H,6C,KC,JH,9S,9C,4S,QC,Little John,7H,6
6C,JC,8H,6H,6D,5S,JJ,TC,5D,8D,Dani,7C,7
QD,4D,6S,JD,QC,8H,AH,9H,4H,JC,Dani,7H,7
6C,TD,QC,8H,KH,AD,7D,6H,9D,QH,Little John,8D,8
JS,KD,7D,9D,9C,4D,6D,4H,JD,4S,Dani,7D,8
AH,4H,5C,8C,9H,5S,JD,9D,QD,JJ,jrb,6D,8
5S,TC,QD,7S,TS,TH,QC,8S,JJ,QS,Rich,7S,5
QC,JS,TS,QH,TD,AD,5D,JD,6D,7S,John P,7D,6
AS,KS,TH,6C,JH,4S,4C,QC,AC,4D,John P,NL,2
TS,5D,JS,4C,JJ,AS,AD,6D,5H,JC,John P,8S,9
AC,QD,JJ,QS,8S,9C,AH,QC,JS,TH,Mike,7C,9
TS,7S,KS,6H,9D,JS,JJ,7H,AS,JC,Mike,8S,8
7D,9D,6D,QS,8D,4S,8H,TH,8S,AC,Mike,7D,7
9H,JJ,6S,QD,TS,KS,5S,7S,AS,4S,John P,8S,9
4D,QH,8D,7H,5H,8C,JH,QC,5D,6H,Zach,7H,8
8S,JS,6S,6C,9S,5D,QS,KS,4D,4S,jrb,8S,7
5H,5C,9D,KD,7C,6H,QH,JJ,5S,QS,jrb,6N,7
JD,7D,JH,9S,KH,JC,9C,4D,QH,KD,John P,7D,8
4C,8H,JC,9D,QC,6H,JS,AC,4H,5S,Zach,6C,8
6H,AC,JJ,4S,TS,8D,6C,TC,KC,9D,Mike,8C,8
8H,JH,8D,JD,6S,AC,JC,QD,TC,8C,jrb,7D,6
9S,8C,9D,4D,QC,5H,7D,5D,9C,KC,jrb,NL,0
9D,TC,JC,JD,7S,KC,KH,8S,JJ,8D,Mike,7C,7
JH,QH,JJ,JD,TS,7H,QC,KH,8D,8S,John P,7H,10
9C,9S,5D,JJ,8D,AC,KC,JD,AD,TD,Rich,6D,9
7D,JJ,AH,AD,QH,6C,5D,6D,8D,4S,John P,NL,0
7C,TC,9C,8H,KS,6C,4S,5H,8C,4H,jrb,NL,1
AD,KH,JJ,JD,4C,8S,KS,QH,5S,5D,John P,6D,5
JD,4S,8S,5H,QC,6S,6D,TC,8H,7H,John P,NL,0
KC,JC,JS,4D,5S,TH,6S,8H,6C,JJ,Mike,8C,9
7H,AS,JC,AH,5D,KH,4H,TD,TC,7D,jrb,6C,3
AS,TD,KS,QH,9C,TS,AC,8C,TC,QS,Mike,7N,7
KH,JH,AC,9C,JC,8C,AD,QH,KD,4D,AME,7N,5
JS,5S,4C,7H,JH,8S,AC,JC,TC,7C,jrb,7C,8
TS,6D,JC,JD,5H,6S,KD,5D,AD,4C,John P,NL,0
AC,TH,TC,7C,JD,7S,7H,QD,AD,AS,Mike,7D,5
JJ,8D,5C,4S,TC,6C,4D,KS,AH,JS,Zach,7C,7
8S,JH,9S,4S,JC,7H,9D,7D,9H,JJ,Zach,7S,9
6C,AS,8D,JJ,AC,KS,8S,JS,8C,TH,kitty/rich,7S,9
AH,KD,8D,JJ,JD,KC,KS,TS,QD,6S,Mike,7D,10
JH,7S,5D,QS,JC,TC,6D,8C,9H,7D,Mike,7D,6
9S,8S,AC,4S,TH,AS,QC,5D,4C,9C,kitty/rich,6N,4
AH,8S,JD,KS,AS,TH,6S,QS,4S,JC,Mike,7S,10
5H,6D,TS,7S,AD,JC,AH,KC,5D,KH,Zach,6N,7
JH,JJ,TC,8D,TD,8C,AD,4C,5C,4S,Mike,7D,8
AD,5H,TH,JS,JH,6D,8C,9D,QD,AS,Mike,7D,10
6H,JD,9D,JC,8D,9S,KH,QC,KD,AC,Zach,7D,8
6H,AD,AH,7C,JD,8S,JC,JH,4H,TD,jrb,7H,10
5D,TS,KD,AS,QH,8C,AD,QD,7S,6C,John P.,7N,7
AH,JC,8H,9H,TS,6H,7H,QD,KH,JH,AME,7H,8
7D,7C,6H,KS,QH,7S,QS,AS,JS,5S,Zach,7S,9
9D,5S,4H,QD,6S,8D,9H,4S,AD,8S,Zach,NL,0
JC,7S,QS,AS,4S,4H,8C,5S,JD,8S,Zach,7S,8
4C,JH,7D,9S,TC,5C,QD,AD,JJ,5D,Zach,7D,10
9D,9H,4H,5C,JS,8C,7S,KD,7C,5D,John P.,8N,8
JS,QH,8H,JH,JJ,5D,7C,AS,7H,KH,Zach,7H,10
5H,JC,9H,9D,5S,TD,KS,6D,9S,AH,jrb,8S,8
7D,8H,TS,5S,AS,KS,AD,4D,9C,QS,Mike,7N,10
9C,6D,4H,5C,8D,JC,8C,JJ,7C,JS,jrb,8C,9
6D,4D,KD,4S,JH,QD,5D,QC,9D,8S,John P,7D,9
9D,4D,9C,KS,QD,TS,TD,KH,AD,AH,jrb,7D,9
JC,6D,8H,6H,JS,TH,QS,AD,7C,4S,Mike,8S,9
TH,QH,KH,TD,AH,4H,KS,6S,8H,AS,Zach,7H,7
4C,JJ,8H,TD,5S,8S,7S,JS,KC,4S,Mike,7S,9
QC,KD,JS,7S,QS,6D,4C,QD,5H,9C,Zach,8S,4
TS,QH,7C,KD,9D,9C,6D,TD,6C,4D,jrb,NL,2
5D,AC,QH,7D,6H,9H,8D,7S,7C,5S,jrb,NL,3
JH,AH,JS,TS,QD,QH,8C,6C,AD,7C,AME,6H,6
JS,5D,QC,9D,5C,4H,7S,QS,JJ,QH,Mike,7S,9
JJ,TC,8C,5H,4C,5C,KH,8H,7H,KC,jrb,7N,8
9C,4H,AD,QH,KC,4S,6C,AC,9S,QD,AME,6C,8
QH,JJ,6C,KD,9D,9S,AS,4C,7H,8H,Zach,6H,8
JJ,QD,9D,8C,AS,QH,JD,AD,9S,AH,Dani,7D,9
QH,4H,4D,5H,TD,7D,4C,6H,JS,KH,John P,NL,0
JH,JD,JJ,6D,QD,KS,8D,5D,9S,5H,Mike,8D,9
7D,4C,TH,JJ,8D,9H,QH,AS,6H,AC,Mike,6N,6
JD,QH,9D,JH,8H,JJ,QC,AH,JS,8D,Mike,8H,8
9S,7S,TH,6D,JC,JD,JS,5D,AS,KC,Dani,8S,10
5C,JS,JD,7C,AD,8D,JH,JC,QS,9D,John P,7D,9
JD,4C,6C,9H,JJ,JS,JH,4S,5C,TC,jrb,7C,8
KS,6D,5D,QC,QS,9H,JS,QH,AS,AC,Zach,7N,6
5H,7S,JD,KC,AH,KH,5D,KD,TC,8C,becky,8H,7
JC,JD,QD,KD,8D,7H,6D,4D,TC,5D,becky,8D,8
JH,QH,7H,JC,JD,4C,6S,5H,AS,6C,Zach,7H,9
8S,JH,JD,KS,9C,AH,JJ,AC,QH,TH,Zach,8H,10
JH,6C,7H,4D,4H,7S,5H,AS,7C,4S,John P,NL,0
7D,9H,4S,7H,5C,TC,JJ,6S,6C,KH,Mike,8H,7
6S,9S,6D,7D,4D,8C,8D,9H,KH,6C,jrb,NL,0
9H,KS,AS,TD,KC,TS,TC,JD,JH,KH,AME,7H,8
AH,JC,KH,5H,9C,7H,9D,6D,8S,8D,AME,6H,5
9C,7S,6H,8S,5S,5C,9H,5D,QS,4S,jrb,NL,0
JJ,JS,9C,6S,8S,AH,7D,QS,4S,TS,John P,9S,9
9D,8H,4D,JJ,JS,TD,AC,AS,6H,7D,Mike,7D,10
8H,7H,7C,AC,8S,JD,AD,5H,9C,4H,AME,NL,0
KC,5H,8S,TH,4C,4H,6H,AD,JC,TC,Mike,NL,0
TH,8H,7H,KH,6C,6D,9H,KS,TS,JJ,jrb,6N,9
4S,KS,4H,5D,6S,8H,8S,TD,JC,4C,AME,NL,1
JD,KS,JS,8S,4C,AC,QD,4D,AS,KH,Mike,7S,8
JS,JJ,KS,KC,9S,9C,6D,QS,4C,8S,jrb,8S,10
9D,7H,6H,6S,KS,5C,9S,9H,6C,8D,Mike,7S,6
7C,AD,7S,JH,9H,9D,JJ,KD,5C,4D,Becky,7D,10
KS,7D,KD,AC,AD,AS,AH,JS,5C,TS,John P,7N,5
AH,JD,5D,8H,6S,AS,8C,QH,6D,TH,jrb,7H,7
KS,5S,KC,9C,6C,QH,JC,KH,5D,AS,Mike,8C,7
7H,9D,8S,5H,JD,QH,TH,QS,JS,8H,jrb,7H,5
7S,8D,6S,5D,4D,5H,7D,6D,AD,4H,Zach,NL,0
TD,6H,KD,7C,8C,QS,7S,AS,AC,QH,Zach,6N,7
JS,8D,TC,6D,QC,7S,JJ,KS,9H,6C,Zach,8S,10
7C,4H,6C,AS,8D,9S,QS,5C,JH,KC,jrb,6H,9
AH,KH,6S,JJ,6D,TC,KD,5D,9S,AD,John P,6N,10
TH,4S,9S,7D,8C,KH,7S,7C,AH,9H,AME,6H,6
9H,JC,6S,TC,JS,JJ,QD,7C,4D,6C,jrb,8C,9
5H,9C,JJ,4H,QC,9H,AD,6S,8S,TH,jrb,6N,6
QS,TH,AC,7D,JH,QD,TC,JS,KD,AD,jrb,7D,7
QH,KD,JC,AC,7D,7S,5S,AS,AD,KS,John P,7N,8
JC,QS,KD,TD,QC,AC,TH,JJ,QH,8S,jrb,8C,9
6D,8H,4D,8D,9D,KC,AD,8C,TD,8S,AME,NL,0
9H,7C,5D,5H,6H,JC,AS,KD,TS,AD,Matt,8S,10
QH,JS,4H,JH,JJ,6S,8S,7C,5S,5D,Dani,7S,8
AS,9S,JJ,TC,5C,7C,8D,5H,KC,AD,jrb,8N,10
6D,JJ,KH,TD,7C,7D,QS,5S,7H,JS,Matt,7S,7
9H,AH,7H,7D,6S,5D,QD,KS,5H,JJ,Matt,7H,8
AD,8D,9C,QH,AC,7D,7C,5D,JJ,5H,John P,6N,7
AS,TD,4S,6C,JD,5H,4C,TH,KH,5D,Dani,6H,7
KD,9H,6H,TH,8H,7S,JH,9S,KH,TS,Dani,7H,5
QS,7D,JJ,AC,AS,5C,QC,QD,7S,AD,John P,6N,9
5C,JS,KS,7D,4C,4D,8S,JD,7C,TD,Dani,7S,10
4S,QH,5S,9C,JD,JS,4C,6S,4D,7D,John P,NL,1
4D,5S,QH,TH,JD,TC,4H,6D,5C,9C,jrb,NL,0
4D,JH,QC,6D,5S,8D,JD,AD,7S,KD,Dani,8N,10
9H,5C,6H,4H,8H,7S,4S,5S,4C,AD,John P,NL,0
9C,TD,4C,AD,7D,KS,TH,7H,AC,JJ,Mike,7D,6
TS,6H,AS,TD,TC,QS,7S,4C,6D,JS,jrb,8S,8
8C,7H,7C,AS,9C,TC,JC,8D,QC,QS,Becky,8C,9
JD,9D,KD,8D,AS,JJ,TD,KC,QH,7C,jrb,8D,8
6C,AC,6S,KD,5C,9D,AH,6D,JH,4H,Mike,7D,6
7C,AH,4C,AD,AS,6S,5H,9C,KS,9S,Mike,6N,5
6D,JJ,5C,7D,QC,4H,JS,5S,4S,KC,Becky,7C,9
8D,JC,QS,JJ,6H,KS,AS,KH,9C,JS,Little John,8S,10
QS,6H,9S,TD,TS,JJ,7H,AH,8C,JC,Mike,7H,10
KH,JH,JJ,4D,TS,KS,8S,AD,5S,JD,Mike,8D,9
TS,AS,KS,KD,QC,9D,7C,4D,AD,JD,jrb,7D,10
KS,AS,JS,7S,AD,JD,QS,5D,TC,8C,Mike,8S,10
QC,AS,8H,KD,KH,8S,8C,6S,JJ,JS,Little John,7S,10
KS,9H,6C,JH,8C,JS,AH,KH,6H,4S,jrb,7H,8
6S,9D,TD,TC,6D,AC,4H,5D,JS,KD,Little John,8D,7
QD,9D,7C,4C,AD,KH,7D,5D,9S,AC,Little John,7D,8
5S,9S,7S,JD,JJ,JC,4S,8C,KH,KD,Zach,TS,7
AS,6D,9S,JD,4H,AH,TD,KD,8D,QC,jrb,7D,10
TD,5C,8H,5H,KC,AC,KH,QH,JH,8D,AME,7H,7
7C,JJ,JH,AD,4C,8D,6H,8C,7H,AC,John P,6H,8
7C,8C,KH,8S,9D,4C,JS,QD,6D,QH,jrb,7S,8
5H,TD,8H,5D,TS,KC,7S,KH,QS,JJ,jrb,6N,7
4S,7H,JD,9S,8S,KC,7D,QS,AD,9D,John P,7D,6
8H,5S,KS,6S,AS,KD,6C,4C,TH,AD,Chris,6N,8
4C,4D,JH,AC,QH,TH,JS,9C,JJ,KC,Chris,7C,9
KC,9H,TH,AS,JJ,8S,5S,KH,5C,6H,Mike,7H,9
TC,9S,6D,TH,KS,6C,QS,JC,6S,7S,Mike,8S,7
JD,JJ,5C,JS,8D,AH,6H,QD,4H,QC,jrb,7D,10
JH,5C,KS,6H,KC,7S,AH,8C,Jr,KD,John P,6H,7
7D,7S,QD,Jr,5S,6D,QH,8D,JH,JS,Mike,7D,10
9H,5C,4C,TC,6S,6D,8D,5D,AS,Jb,Chris,Nl,0
5S,8S,8D,JD,4S,9H,KC,4C,7D,JC,Chris,7C,6
Jb,5H,5D,7D,9D,6S,QC,KC,JH,7S,jrb,6D,8
Jr,AS,4S,TS,7C,5D,AH,7D,8C,9C,Chris,7S,8
6D,7H,AD,8C,JD,TD,9C,8D,AH,5D,Chris,8D,9
JD,5S,9S,6H,AD,5H,5D,TH,4S,JJ,John P,Nl,2
4S,7S,TD,4C,6C,8H,5C,8C,7H,9C,Zach,Nl,0
9C,JD,KH,QC,4C,5C,4D,4S,9H,8C,John P,Nl,0
8D,4H,TC,5D,AS,7S,9S,4D,JJ,JS,Mike,8S,8
4H,7D,7S,JJ,JS,KS,7H,9C,5C,9D,Mike,8S,7
KH,JC,4D,4S,AH,AC,8S,4C,9H,QC,Mike,6C,8
AH,QH,8D,7D,TH,8S,JH,KS,9C,KH,kitty,7H,7
9H,JH,9D,9S,JD,9C,4C,AC,KS,7S,Mike,7H,5
KC,KD,JD,AH,8D,7H,AC,TS,QS,8S,jrb,6N,6
8C,JD,4H,7H,5C,TH,KH,4D,6S,6H,jrb,7H,6
JS,7C,AD,AH,QH,QS,JD,7D,4H,6H,kitty,7H,7
4S,5C,JS,7C,JJ,QD,QC,6C,5D,AC,Mike,7C,7
4S,JD,AH,KD,4D,AC,5H,7S,KH,KS,jrb,6D,7
7D,4S,TD,JD,6C,TC,9C,AH,6D,KS,jrb,6D,9
7H,5H,KH,9H,KD,KS,4C,QH,9C,TS,John P,No,0
JH,6C,6S,QH,5S,6H,JD,9S,QD,AD,jrb,7D,6
AS,9C,4C,JC,5S,7C,AC,7S,JD,JS,John P,8C,10
AS,6C,5H,4D,7H,KH,AD,QH,9S,KS,jrb,7N,8
7D,5D,TH,TD,7S,4D,JD,AC,AD,8D,Chris,8D,7
JH,7H,4S,KD,JJ,6D,8D,QC,TH,QH,Chris,7H,10
TS,JS,KC,QD,KS,5S,7D,4D,JJ,5D,John P,7S,9
5H,6S,JJ,TD,7H,QS,4H,8C,AD,AH,Mike,6H,9
6S,4H,AH,6D,7H,9C,8D,6H,KD,7D,Chris,No,0
JH,JC,5H,5D,4C,6S,JS,TS,4D,KD,jrb,7S,8
QD,JS,TH,AS,6D,JJ,8C,JC,6S,AD,Becky,7N,10
JS,JD,4H,9S,TC,4D,QH,9H,6H,KH,Mike,7H,4
KS,9H,JC,QC,JJ,8S,7S,AS,5H,4H,John P,8S,5
4C,9H,9D,KC,AS,6H,TD,QC,7C,AD,Becky,7N,2
JC,AS,4H,9C,JS,8H,AH,7D,QS,4C,Mike,7S,9
KS,6S,6H,AS,QS,8H,JJ,TH,7C,7H,Mike,7N,9
AD,TC,4S,QS,7D,KC,8H,TH,JJ,KH,jrb,6N,4
AD,AH,6D,8D,7D,6C,5S,JH,7S,JJ,jrb,6N,9
TH,AD,KS,6D,5D,JJ,JD,7H,8D,TC,jrb,7D,8
7H,4C,TH,8H,6C,TC,QH,6S,8D,5C,Chris,7H,4
QS,7C,5H,QH,KH,KS,8S,AC,JJ,KC,Chris,7N,8
QD,5H,AC,9C,5C,4C,4D,8S,TD,6C,Little John,No,0
8D,6C,7S,5S,JJ,5C,KD,8H,4S,7C,jrb,6N,8
QD,KD,AC,KH,QH,QC,QS,TS,9S,6S,Chris,7N,10
JC,4S,9C,5H,JH,4C,5D,JS,4H,KD,jrb,8C,5
8D,5D,QC,8C,AD,QS,5S,JC,7C,6C,Chris,7C,9
7S,QD,AC,JH,6C,AH,7H,7D,5H,TD,Chris,6H,6
8H,8D,KS,JD,TC,KH,4D,AH,6C,JH,jrb,7H,8
JH,8D,9H,5D,KD,AC,7S,6C,7C,QD,John P,7D,6
8S,AC,AS,5C,7S,KS,QS,KD,TC,4S,jrb,7N,9
8H,JD,QH,7H,9H,KH,AS,4S,KS,TH,Mike,8H,8
QH,4S,7H,TC,JS,TD,QD,TH,AS,JC,Mike,7S,5
QH,JC,AS,JD,4D,6H,AD,9C,QC,AC,Mike,7S,8
QC,6H,TH,7S,QS,JC,KC,4D,AC,6D,jrb,8C,8
QD,4D,7S,JD,AD,8S,6D,AH,AC,JJ,John P,7N,10
9D,KH,5H,JS,QH,8H,9S,KC,6C,4H,Mike,7C,8
9D,KH,6D,7D,4D,5D,QC,7H,8C,8S,Mike,Nl,0
AS,JJ,JS,KS,8C,QC,6C,9D,TS,QS,Zach,8N,10
JD,AH,KD,QD,7D,8C,QS,AC,8S,4C,jrb,7D,5
9H,QS,KC,JJ,5H,AH,4D,6S,7C,JD,Zach,7H,9
4C,6D,4H,6H,TS,5C,AH,6C,8C,7D,Zach,Nl,0
TS,9S,TD,QD,9D,QS,6D,7S,6S,JS,jrb,8S,9
4D,8C,AC,AH,TH,7D,6H,AS,JH,TS,John P,7H,10
QS,KS,KD,9S,JD,4H,7D,5D,9H,7S,Chris,7D,5
KD,TD,4D,TS,JD,AS,6D,7C,AC,9C,Zach,8D,7
7S,KS,8S,9H,QC,KH,AH,JC,4H,AD,Chris,6H,8
TD,5H,TC,KH,8S,7H,5C,AC,6H,JJ,Zach,7H,10
6D,QH,5C,9C,KS,4D,TH,4H,7H,9H,Zach,Nl,2
AS,JH,9C,KD,8S,9H,7S,8D,AD,AH,Chris,8S,7
4D,7C,JH,JD,TH,6D,KC,7D,KD,TD,Zach,8D,10
AD,7S,6S,JD,4S,6C,7C,4C,JH,5C,Chris,Nl,0
AC,7H,KH,JJ,9C,KD,AH,QH,6H,4C,jrb,8N,10
JH,7D,5H,TH,KC,JD,QD,TC,8H,QH,John P,7H,9
KH,JD,9H,4H,QH,7C,AS,5H,6S,8H,Mike,7H,8
7C,JS,AD,TD,KD,4H,KC,9C,8D,JH,Zach,6D,6
4C,6C,AS,8S,5C,8C,KS,5D,JH,QH,Zach,7N,9
7H,7D,TH,TS,TC,QD,JH,5D,QC,AH,Mike,7H,3
4S,AH,4D,JH,AD,8S,QS,4H,JD,TH,Mike,7H,9
JS,9D,TD,5H,8D,4C,4D,7D,6C,7H,Mike,No,1
6D,KS,JH,QD,TH,5S,8C,KC,QC,6H,jrb,6H,4
9H,8H,TC,KH,8S,TS,QH,4D,QD,AD,jrb,7D,8
5C,6S,AC,KC,QS,4H,TD,9C,TC,6C,Mike,7C,9
JC,AS,TS,9S,6C,8C,KH,AD,JH,7C,jrb,7C,4
AS,4H,5C,JD,5S,KH,7S,7C,KD,4C,jrb,Nl,0
5S,KH,AH,AC,JS,6D,JD,8H,4H,JH,John P,7H,9
KD,JD,JJ,AD,JS,TS,TC,QC,QS,TD,jrb,7D,8
7C,JS,JC,KH,AH,AC,QC,KD,5D,9C,Dani,8C,9
8D,KC,7D,7C,JD,QC,JJ,AC,6H,6S,Chris,8D,10
5D,7S,QH,9S,4H,AD,KC,TS,6H,JC,Chris,6C,5
4C,4S,6H,7S,8C,5D,QC,QH,9C,5S,John P,No,0
QS,KH,AH,4D,KS,5C,QC,AS,TC,JD,Dani,7H,9
JH,6D,TH,Jr,4S,Jb,5D,9H,5H,QD,jrb,8H,9
6H,QD,8S,TS,4S,5D,7C,KD,5H,JD,jrb,6D,7
JH,7S,AS,7H,JJ,6S,QH,JS,8S,5H,AME,7S,6
JH,7S,5C,QC,KH,JS,QD,KS,6S,QS,jrb,7S,8
KC,5C,TD,7H,TC,QC,AD,5D,8D,6S,jrb,8C,10
5C,9S,8D,AC,JS,5S,9H,4S,AS,TS,jrb,7S,8
TS,5S,9D,4C,5D,AS,4D,8C,JJ,JH,jrb,8D,9
6D,6C,KD,AS,TC,KH,TS,AD,JD,7H,Becky,6N,5
6D,6H,QH,9C,8C,JJ,TH,JS,JC,JD,jrb,7C,10
AS,KS,6H,KD,4H,TS,6S,6D,9H,5S,Zach,7N,7
JJ,9D,JD,6H,9H,4C,AS,JC,7H,QS,John P,7H,10
JC,5S,8S,6H,AS,JJ,4H,8D,AD,KC,Mike,7C,7
TS,JC,9S,JD,5H,4C,5S,KS,5C,6S,John P,7S,8
QC,9S,5S,5H,7D,KD,QD,4H,JH,TD,jrb,8D,7
4S,9H,QD,JH,KH,7C,7H,8H,TD,8S,John P,8H,5
KS,4D,6C,AH,4H,JJ,TS,QS,JD,6H,Chris,8H,10
KS,4S,5C,JD,5H,8D,JH,AS,4H,TH,Chris,7H,10
AC,AD,7S,6H,7C,JH,KS,TC,KC,JD,Mike,7D,10
JD,KD,AD,TS,JJ,8H,4C,JC,4D,6S,Chris,7D,10
8H,AH,TD,QH,AS,AD,TC,5H,5S,JH,Mike,8H,9
QD,8D,JJ,7C,6D,KC,8H,JC,5D,6H,Mike,7C,8
9D,TC,4H,5C,KH,JH,TD,AH,QH,4D,Chris,7H,9
JC,5S,AS,4D,6D,4H,6C,7C,4S,6S,Chris,No,0
QS,AC,JC,8C,7S,6C,QC,9C,KS,TC,Chris,8C,10
KH,4H,4D,AC,QD,Jb,JD,5D,7D,AD,Mike,8D,9
6D,TS,8H,AC,AD,4D,KH,AH,JH,6H,Mike,7H,9
8H,8C,QH,AH,6H,AD,5D,9H,6C,8D,jrb,7N,6
7S,AD,7H,9S,TH,JJ,AC,QS,JS,6H,Mike,8S,7
JD,7S,4C,QH,6S,6C,6D,4H,8D,AS,jrb,6H,5
8S,7D,8D,KS,AH,6S,JD,JJ,KC,JH,Chris,8D,9
TS,KS,9H,JD,5H,JH,AD,7H,KD,JC,John P,7H,9
AC,6S,5S,9D,7S,TS,AS,JS,KS,8S,jrb,8S,9
8C,KD,9S,JJ,4D,KH,6D,7S,QD,5D,jrb,6N,8
5C,QH,4C,5S,9D,8C,5H,KC,JH,QC,Mike,Nl,3
TD,4C,AH,5C,7S,5H,6S,JH,7D,TH,Chris,6H,9
AC,5D,QC,7D,4D,4H,AD,6S,JJ,7S,Mike,6C,9
QC,8S,QS,AS,AC,JC,6C,TS,4S,6S,jrb,7S,9
9C,JS,5H,4S,4C,TD,6H,JJ,6S,AD,Chris,7S,7
TH,JJ,4C,JS,QH,AH,JH,6S,7S,4S,Mike,7H,6
JS,8C,7D,4S,AC,QD,JD,TC,QS,6D,Chris,7D,7
JJ,4C,KH,JH,7D,TS,4S,JS,8D,7S,Mike,7H,5
QC,5S,9C,AS,KD,4H,8S,8C,4S,6S,jrb,Nl,2
JD,JS,4S,9D,5D,8C,9H,KH,KD,6H,Mike,7D,5
JC,JD,QD,7H,8C,TD,9S,JH,9C,8D,Mike,7D,10
TC,7D,JD,TH,4H,8H,9D,KS,AH,5S,Chris,7H,7
7H,6C,TC,JC,TH,6D,9C,4C,5H,5S,Chris,No,0
6S,6H,4D,9C,4H,8H,7D,KS,JS,7S,John P,No,0
KD,JD,JH,9D,5C,KS,AD,7C,TS,4H,Zach,7D,9
KD,QS,4H,JH,JS,6D,QH,5H,4S,9H,Chris,7H,6
5C,8D,4C,JS,6D,AH,TS,4D,5H,5S,Zach,Nl,0
AD,8C,JJ,6D,7H,QH,5D,TC,KH,5H,Zach,7H,9
5H,JH,TH,AD,JD,8C,7D,KS,8H,QS,John P,6H,7
4C,AC,5D,5S,6S,KS,JC,JS,8C,KC,Mike,8C,9
AH,4C,8D,JJ,JH,7C,8S,QS,TC,4S,jrb,7H,7
7S,KD,JJ,QD,QC,4D,6S,7D,6H,AD,jrb,8N,10
6D,QC,AS,5H,TC,JH,4D,6H,9C,KD,John P,Nl,7
5S,6H,AH,6S,9C,JD,8D,QD,QS,QC,jrb,7H,7
TD,AD,4D,TH,4C,JD,6C,AS,KD,KH,jrb,7D,8
9H,JS,TS,6H,TD,KC,8S,6S,4C,9S,Mike,Nl,4
AC,KS,7S,8H,KC,TH,8D,9H,5H,QC,Mike,8C,5
KC,AH,5D,AD,7S,7H,JH,6C,5H,9C,jrb,7H,9
JD,QD,TD,5S,QC,JJ,9C,5C,6H,JC,Mike,7C,6
5S,AH,4C,QS,AC,AD,JS,TD,6S,6D,John P,7S,9
AD,6S,JJ,KS,JH,AC,TS,8D,4S,5H,Mike,7N,10
4S,5D,KD,4D,7C,4H,QH,6D,TH,JH,Mike,No,0
5D,9C,JS,AC,TH,8C,JJ,6S,AD,KD,John P,8C,10
8H,QH,5H,JJ,KC,5C,9C,QD,JH,9H,Mike,7H,7
AS,AC,TS,JC,JH,KH,5C,AH,7S,5D,Zach,7C,7
6C,9C,QC,AH,7D,5S,7H,JJ,8H,JC,John P,8C,7
9S,KD,7D,JD,JC,QH,QS,9H,AC,4H,Zach,7H,10
QD,JJ,7H,JC,QH,7D,KC,6C,JH,QS,Zach,7C,5
AS,5C,7H,5D,9D,KH,4C,JD,4S,QC,John P,Nl,0
5D,AC,7C,JS,JH,8D,9H,TH,JC,4C,Little John,7C,9
TD,QH,AH,QC,AC,7S,8H,JH,8C,9S,Little John,7H,6
4D,TS,JD,9C,5C,QC,4H,9D,6H,AC,Zach,Nl,0
9C,8D,6D,JJ,KC,5C,9H,AC,4D,7C,Zach,7C,8
8H,7S,JJ,5C,5S,7D,JD,AS,6H,KC,Zach,8D,8
7D,7S,JC,5D,AH,6S,JS,8D,QS,6H,Becky,8S,6
AC,4C,5H,9D,QH,9S,JD,6S,8H,5S,John P,Nl,0
JH,QH,JC,5S,6S,9C,TC,4C,6D,TS,jrb,7C,4
JH,AC,QD,AH,7H,QS,5H,JD,TC,KH,Mike,8H,8
7H,4C,5H,7C,4H,QD,8H,6C,TD,JH,jrb,No,0
JH,TD,9C,4C,JJ,7C,TS,9H,4D,7S,Becky,Nl,0
9C,9H,4D,TS,4C,KH,6C,JD,TD,JH,John P,7H,8
5H,9S,QH,JD,5C,8D,TC,TH,8C,KD,John P,6H,5
9D,JS,5C,6D,AD,7D,6S,KS,4H,AS,Mike,8S,10
KS,8S,AC,TC,QH,6H,5S,JH,9H,TH,Mike,7H,7
JS,KD,TD,QC,6C,KC,4C,JC,AC,6H,John P,8C,10
JD,5D,6C,KC,AC,7S,JC,9H,TD,8D,Mike,7C,6
8S,6H,5D,9S,9D,4C,TH,6S,8C,JD,jrb,7D,7
8C,6C,AH,5D,JJ,5H,4S,7C,8H,6D,John P,Nl,2
8S,TC,KC,JS,JJ,TD,7S,QH,5D,QC,Mike,7S,8
4C,5S,5D,5C,AH,4H,JD,QH,6H,KC,jrb,Nl,0
7H,9H,5S,4H,9S,8C,6S,AS,KD,5C,Mike,No,0
7D,TC,JJ,TH,QD,KH,JC,KC,4C,9S,John P,7N,9
TS,KH,QH,KD,6D,7H,QD,JH,TD,9H,John P,7H,8
JJ,5S,4D,AS,JS,9D,QC,9S,5C,AC,Mike,8S,9
6H,7D,KC,5H,AD,5D,8D,4S,QC,KS,Mike,7N,7
KH,AD,TC,5D,AS,9S,AC,4S,KC,4D,jrb,7N,10
JH,KC,AC,8H,TH,4D,7D,TD,AD,JS,Becky,7C,8
7D,QD,7C,AS,6D,JC,JJ,QC,AD,6S,Mike,7N,8
KH,KD,JH,6H,5H,5C,9D,TH,TD,KS,Becky,6H,7
TS,5H,AD,7D,QC,4S,QS,8D,TD,7S,Mike,6D,8
AH,JJ,KD,4S,AS,TC,4C,5C,QH,QD,Becky,7N,8
4S,9S,8C,AC,KD,JH,6H,KH,9H,7D,Mike,7H,6
JJ,4S,5D,TH,5C,QD,7H,9S,JD,KH,becky,6H,7
JH,QH,5D,TS,AS,9D,KD,AD,5H,KS,John P,7H,8
TD,8C,9H,AS,KH,5S,6S,JD,JS,QC,Becky,6H,4
8D,AS,QC,6C,9C,QH,AH,JH,8S,7S,jrb,7H,6
8C,9S,7H,7C,4S,QC,JJ,AS,6H,AH,Mike,8C,10
4H,TH,AH,4S,9D,6H,4C,5S,9H,JC,Becky,7H,7
AH,TS,4C,JD,6S,4S,TC,5C,4H,9H,Becky,Nl,1
7H,8D,5S,4S,QC,8H,8C,AH,5C,9C,jrb,Nl,0
JD,5S,9H,8S,9D,JJ,KD,KS,JC,9S,jrb,9S,9
7H,KH,6C,4H,9C,TD,TC,AC,QC,JC,John P,7C,8
TS,8C,KH,4H,4C,7S,AH,QC,4S,8D,Mike,Nl,0
QH,4S,TH,5D,JS,5C,JJ,4H,QC,KS,Chris,7S,4
9C,JJ,6C,JS,8H,KD,AC,AD,4C,6D,Mike,8C,7
9S,8H,TS,QH,JD,QS,6H,JC,AD,KD,jrb,7D,4
9H,TH,5C,5S,4S,7S,JC,TC,KS,TS,Chris,8S,6
TC,JH,4D,7D,QS,6C,JS,QD,AC,JJ,John P,7C,8
JC,9D,5C,KC,TS,QS,6C,JS,TC,QD,Chris,8C,6
5D,6H,5S,5H,7H,JC,9S,JS,KH,4D,John P,No,0
JS,TD,6C,5C,KH,QC,KC,AC,9C,5D,John P,7C,8
KS,AC,JD,7H,8H,AH,4D,5D,6H,8C,Zach,7H,9
KH,QH,9C,5H,JD,KS,8D,JJ,5D,6H,Zach,7H,6
KD,KS,9H,7S,TS,9D,KH,6D,7H,JD,Chris,7H,10
JD,QH,6C,QC,KC,5S,JC,AC,AH,JH,jrb,8H,10
QS,6H,5H,4C,QC,JD,6S,7H,TH,9H,Zach,7H,9
4S,AD,4D,5D,AS,TH,AC,9C,6D,JD,jrb,7D,9
TC,6S,AD,6H,7D,JC,8S,AC,TD,9C,Chris,7C,9
JD,5H,9S,8H,TD,TS,QD,4S,AD,KH,Chris,7D,8
7H,AC,6H,7C,AH,AD,6C,QS,5D,KH,jrb,7N,6
9D,7H,6D,5H,QS,JJ,JC,JH,4C,TH,Mike,7H,6
5H,8H,4S,4H,4C,KS,4D,QC,AH,5D,John P,No,0
AC,4S,7D,6S,8C,6D,QD,9S,8D,JD,John P,Nl,0
QC,5H,9H,KD,5C,AS,7D,9C,JC,4S,jrb,8C,3
KH,AD,7H,TH,JJ,QS,QC,8H,5C,7S,Chris,7H,9
QD,AH,7H,AS,QC,8H,JJ,JS,9C,8D,Chris,7D,7
JD,JS,KD,5D,AD,QH,4D,TH,AC,JJ,jrb,8D,10
QS,7D,6S,JS,TS,AC,5H,7H,6D,5S,John P,Nd,0
9D,JH,KH,4S,AS,AD,JD,TC,AH,8H,jrb,9H,9
5S,8S,JD,8C,TD,7C,4C,QD,AC,KS,jrb,7D,4
TS,7H,4D,7C,JJ,AD,AH,9H,7D,5S,Becky,6N,5
JH,JC,4C,5C,QH,TC,5D,9D,7H,4D,jrb,Nl,0
7H,JH,AS,5S,9D,JC,KS,5C,5D,4C,Mike,7S,8
6S,AC,7S,5S,KD,6D,TS,AS,5C,6C,John P,Nl,0
6D,4H,QH,JH,5D,7D,9S,AH,8C,TH,Dani,7H,7
8D,5H,QC,AC,8C,QD,JJ,4C,AH,JS,jrb,8C,8
8S,KS,5H,7S,9S,AS,TH,KC,JJ,AD,Chris,8N,9
JH,5S,JC,4C,7H,KH,8H,6D,QH,TH,jrb,8H,5
JD,6S,6H,5C,5S,4S,AH,4D,8C,TS,jrb,No,0
5H,QS,KD,7H,KH,AH,7S,4H,QH,JJ,Dani,7H,7
AS,8C,AH,TC,QC,QS,6C,9D,5C,AC,jrb,7N,5
5S,AD,5H,QH,JC,7H,7S,QC,9H,8S,Chris,6H,9
AH,JC,9S,5C,6S,9C,TS,KS,AS,8C,Chris,8S,8
7S,7C,JJ,TD,TH,QH,6H,QC,KH,TS,jrb,7N,9
4S,9C,5D,TS,JC,7C,7D,AH,JH,7S,matt,7H,4
8S,JJ,6H,TS,TH,JD,JS,AC,TD,QC,Chris,7S,7
AH,9D,7D,QC,5H,AD,8D,KC,8S,JC,Chris,8C,10
QD,QS,7S,5S,4S,JH,KH,8H,7C,AS,jrb,7H,5
TS,AH,8C,8H,5C,JS,JC,JJ,9C,TD,John P,8C,10
KD,9D,7D,8D,JD,JH,9H,4H,KC,AD,jrb,8D,8
JJ,JH,QD,7H,KS,6H,4S,4H,7D,QC,Little John,7H,10
QH,AH,KH,8H,JH,6S,7S,JD,7D,QS,Mike,8H,10
JD,KH,7S,8H,KS,6H,AH,QS,8C,7H,John P,7H,8
4H,4C,5H,9C,QH,8H,5C,KS,5D,6C,Mike,No,0
AC,KD,TS,4D,9D,AD,5D,6S,QD,JH,Little John,8D,9
JC,9H,JD,KC,8C,6D,QH,JH,9S,AH,Little John,8H,10
4S,5H,5S,JS,6H,QH,7D,7S,6S,JJ,jrb,Nl,0
JS,QD,AD,JC,AC,TH,5C,9D,8D,KD,jrb,8C,9
4S,9D,7S,JH,QS,9S,9H,KH,TS,5H,Becky,7D,7
TH,4S,6S,5C,6H,6D,5D,KD,KH,KS,Mike,Nl,1
JS,QC,5D,JC,9D,9S,5C,QH,KH,JH,John P,8C,8
KS,6D,5C,7C,5D,JJ,TD,5S,JD,6S,John P,Nd,0
AD,5H,9D,JS,JJ,KC,6S,7D,TC,KD,Mike,7C,9
8C,KD,4D,TC,6H,9H,JD,TS,AC,6D,jrb,7D,6
AS,TD,8S,TS,7C,JC,QS,QD,4C,TH,jrb,7S,6
QC,TH,6S,6H,4D,4H,7S,TC,9D,QS,Becky,7N,5
TC,9S,8H,QH,9C,9H,JC,TS,QC,JS,John P,7C,6
JS,7C,TS,JC,8D,TD,JH,9C,KH,4S,jrb,8C,6
7S,TH,8S,QC,QH,9S,4D,7D,5D,AC,Becky,No,1
QC,5H,7C,KS,AS,JD,QD,9D,QH,AH,John P,6H,5
9C,7C,7H,QS,4S,JC,AH,7D,TC,QC,Chris,8C,10
8C,9C,5S,KS,6H,TC,JS,AC,JC,QH,John P,7C,8
JC,KC,TS,AC,KD,TH,6S,6H,QC,4S,Becky,7C,7
8H,9D,4H,9H,KC,KH,5S,5D,JH,QS,John P,Nl,0
4C,KD,7S,9H,TC,9S,8H,AC,4H,KS,Becky,8C,5
QS,6S,KC,AS,9H,KS,AD,5C,KD,JS,jrb,7S,8
6D,8D,5C,AH,8C,JS,8H,JJ,KC,7C,Mike,8C,10
5D,9H,KC,9D,8H,JJ,AC,4D,6D,QH,jrb,7D,8
8C,QH,8H,8S,9D,5C,4C,KH,4D,AH,Mike,7N,9
JJ,9H,JC,AH,AS,TD,5H,6D,KC,JD,jrb,7H,10
6H,JH,AD,AH,8S,QC,AS,9D,7H,KC,jrb,7H,9
9H,JC,6H,JJ,TC,4D,5D,4C,7S,4S,Mike,8S,8
KD,KC,7D,QH,AD,AS,KH,AC,8S,KS,Becky,8N,8
8H,JD,KS,7S,JH,5C,AD,TH,6C,7H,Mike,7H,9
QD,4H,5S,6C,9C,9H,AH,TS,JH,AD,John P,6H,10
8H,4S,KC,QC,5C,5D,5S,9S,8S,JH,John P,Nl,0
AH,5S,4S,7S,AS,4H,JJ,TH,4C,6D,jrb,No,0
TS,JS,6C,5H,JD,8D,KS,JH,KH,TD,jrb,7H,5
7S,7C,6C,8H,JC,AC,8S,TH,JD,7H,Mike,7C,8
9S,6S,4H,QH,JD,7C,6C,JJ,7D,8H,Mike,7H,7
JC,TC,AD,QD,4S,9S,QC,AH,8H,8C,jrb,7C,9
TD,TS,6D,JH,5D,5S,JC,8C,6S,5H,John P,Nd,2
KC,TD,QC,JC,AC,AH,6C,9D,TS,7H,Mike,7C,7
7S,5D,8S,5S,QD,4C,7H,JH,5H,JC,Mike,No,0
9D,4H,7D,KD,8C,5S,6D,5D,4D,TH,jrb,No,0
9D,JJ,7H,TD,QH,6D,AH,9C,QC,KS,Mike,7N,8
5C,AH,7S,9D,6S,TC,4S,6H,AC,TS,Becky,7N,4
AS,TS,JJ,8C,4C,5S,7H,9C,8D,QC,jrb,7C,9
5C,6H,KD,JH,6S,8H,9H,AC,9D,4H,Mike,8H,9
7C,4C,AD,TC,AS,6C,7S,9C,KS,4D,jrb,Nd,3
TH,9C,6C,4C,4D,TS,7C,4S,5H,QS,jrb,Nl,0
8S,AH,8H,6H,KC,TD,QC,9H,JH,6D,Mike,7H,7
5C,6D,4C,TH,4D,KS,TD,5H,6S,9D,jrb,No,0
AD,KH,TH,QD,8H,KD,AH,JC,6S,8C,jrb,7N,9
JC,6S,QS,7C,7S,JS,JJ,TC,8S,6H,Zach,8S,10
9C,7C,AC,TC,4C,6H,9S,AH,JS,JD,John P,8C,9
6H,QH,7D,AS,5D,JH,5C,AH,9D,TS,Becky,7N,5
6H,8H,JS,4C,JJ,QD,AH,7C,JC,6C,John P,8C,9
5C,TD,TS,6D,8H,6C,4S,6H,JS,KS,Mike,Nd,1
JS,KH,7S,QD,4H,4D,JH,QS,9C,7C,jrb,7H,8
JD,KC,AC,7C,6H,9C,6D,9D,6C,7S,John P,7N,5
4S,8D,9S,QS,TC,TH,KD,JJ,6D,QC,jrb,6N,6
JH,4H,7H,4S,8C,TD,5D,JC,9D,TH,Mike,8H,7
JJ,TS,9H,4C,6S,5D,JD,6H,5S,QS,Mike,8S,6
6S,6C,4C,QH,9D,AS,8C,AD,8S,QS,Mike,7H,4
TS,JJ,KH,QD,TC,7D,JH,8H,7H,9D,jrb,7H,7
6S,4C,QS,8S,QC,7S,5C,KD,KC,6C,jrb,Nl,2
JC,7H,8C,QH,JH,5D,JD,KS,8H,6C,Mike,7H,9
JC,5C,5H,7C,7H,JJ,8C,4D,5S,9C,Mike,7C,8
JJ,AH,5S,TS,6S,7S,JH,7D,4S,6D,jrb,No,4
7D,QS,JJ,QD,6D,KD,5S,4S,8D,JC,jrb,Nd,6
7S,QS,4H,QD,TS,7D,6D,6S,JD,4D,Becky,No,0
KH,KS,TH,TS,8H,4H,6H,5S,JJ,KC,Mike ,8H,10
8S,7D,9S,8D,6D,KC,TD,AC,6C,JC,jrb,7C,5
7S,6D,8C,9C,5S,5D,AS,4D,9S,6C,John P,No,0
7H,JS,5C,7C,AS,QD,KS,4C,JH,AC,jrb,7H,8
7C,JS,TC,7H,KS,AS,7D,9D,QS,JD,jrb,7S,8
JD,JJ,QC,6H,8D,KH,6S,8H,AD,7H,Becky,7H,7
5C,9C,KH,6C,5D,4S,JS,9S,KS,8S,Mike,Nd,4
TC,7C,5C,5H,4D,5S,QH,5D,9D,6C,John P,No,0
KH,9D,9H,TD,6H,5C,AH,4H,AS,4C,John P,Nd,0
QC,KH,5H,4C,9D,JJ,TS,TC,7D,KC,Mike,8S,8
5S,AD,KS,8C,5C,QD,8H,7S,QS,TS,Becky,Nl,0
JC,4C,QH,6H,KC,TC,4H,AC,8H,6C,Mike,8C,5
KC,TC,AC,4C,7S,5H,6H,8C,7C,4H,John P,No,0
KH,KD,6D,KC,7H,AS,QH,TS,QS,4D,jrb,7H,5
4S,8C,6S,AH,JH,6H,6D,6C,5S,7S,Little John,No,0
7H,JH,8D,7D,6C,KH,9H,TD,QD,5H,John P,6H,6
8S,QD,AD,JC,JJ,QH,6C,9C,JH,5S,Little John,7D,8
8D,TD,JH,TH,JS,5S,4C,6C,6S,9D,jrb,Nl,0
JH,5H,AD,7D,QC,KS,JD,8S,9H,6C,Mike,7D,8
6D,AD,6C,KH,7D,QH,4H,KC,JJ,4C,Little John,7H,8
8C,QH,5C,9D,6D,9H,KS,7H,JD,JJ,jrb,7N,7
JC,7H,QD,AD,8S,9H,QS,AS,AC,7C,jrb,7N,3
8C,8S,AD,5S,QS,7H,5C,9H,AS,4S,Little John,No,0
5H,9D,QD,KH,AH,AD,9H,JC,KD,7D,jrb,7N,10
5H,9C,4H,6D,6H,JC,6C,6S,QC,9D,John P,No,0
JS,TD,6C,JD,KD,KC,5H,AH,5D,KS,Mike,6D,6
AH,7C,5S,JD,QD,QS,JJ,KS,6H,TH,jrb,7H,8
JH,5C,KS,JJ,7H,KH,4D,AH,QH,4S,Little John,8H,10
7D,TD,JJ,8C,JC,5S,QS,AH,6S,6D,Mike,8C,6
7S,QC,KD,9D,KH,9C,JC,AS,TC,KC,Mike,7C,9
9H,KC,6H,TH,JD,4C,AC,5C,JC,5D,Mike,7C,9
AD,7D,QH,4C,9S,6S,JJ,5D,7H,4D,Little John,Nd,2
QD,JC,9D,6D,5H,6C,QH,6H,5C,KC,Mike,7N,5
JJ,AS,9D,6H,JD,KC,4D,TC,KD,6C,Little John,7D,6
5D,KD,8S,5S,TS,4C,6H,AH,8D,AD,jrb,No,0
5S,6D,4D,AH,JD,7S,4S,KD,9H,QH,jrb,7N,4
4D,8S,5S,4C,4H,KC,JJ,QC,7C,KD,John P,No,0
KS,AS,5D,6C,TC,4H,KD,7S,AH,AC,Becky,7N,8
KC,6C,8H,AH,4H,QD,8S,4C,JS,5S,jrb,7C,10
6D,9S,KD,5C,5H,8H,TC,AC,7D,KH,Mike,8H,8
JJ,JS,7S,6S,8S,9S,JH,4D,JD,QC,Mike,8D,9
8S,JD,4H,9H,9C,JJ,QC,JS,QS,AC,Little john,7C,8
6C,4D,7H,QC,8H,7D,4S,AS,8S,KC,Mike,7N,6
JJ,KS,JD,4C,KH,9D,QS,9S,TC,KC,jrb,7N,7
7C,AS,QC,JH,JD,JJ,TH,QS,4H,6H,John P,8H,10
4H,8D,6H,6S,7S,7D,JJ,AH,4D,KS,Little john,7H,7
KC,6S,8C,7S,TD,4H,JH,TC,JC,QD,Little John,7C,9
5S,TS,JH,9C,QS,8D,QC,4C,4D,JS,John P,Nl,0
9D,KD,JC,QC,JD,4C,6C,JH,7C,AC,Little John,8C,8
7D,QH,JJ,JD,JH,AH,AS,9S,QD,8D,Mike,8H,10
6C,KC,9C,TC,4S,4H,JJ,4D,8D,TD,Dani,Nl,0
9D,JS,4S,QC,TS,JC,6D,7C,AD,6S,Dani,7S,10
5S,6C,4H,4S,9S,6H,QS,5C,7C,TH,Little John,Nl,0
KC,5S,AC,AD,5H,TS,AH,7H,5D,4D,Mike,7H,8
KC,TS,8S,AC,QC,8H,7C,KD,JC,6C,John P,7C,6
KC,AS,JC,AC,4S,5H,5S,8C,JJ,AD,Mike,8C,8
4S,TD,TH,5C,5S,4H,QS,4D,TC,9D,Mike,Nl,0
KS,4C,6D,AC,AS,9H,JC,5S,7H,9D,Chris,7S,6
JC,KC,4D,6C,TC,9D,JS,KS,JD,6D,jrb,8C,9
QD,6C,AH,TD,JH,KS,6H,AD,9D,9H,Zach,7H,9
JC,6D,JS,6C,8D,5H,QC,AD,TC,KD,Zach,8C,9
4H,QC,QS,6S,7D,7C,4C,JJ,9S,7S,Chris,7S,8
KC,4D,TS,QS,JJ,KH,5C,TD,6C,5S,Little John,8D,10
JJ,9H,AD,9C,JH,QH,9S,TD,JD,AS,Zach,7D,8
4H,8S,KC,6S,TS,KH,AH,JJ,9S,JH,John P,7H,8
QH,KD,TS,KS,JC,7S,8D,QS,9S,8C,Little John,7S,9
5H,KC,QC,AS,JS,6D,7D,9H,JJ,5C,Zach,7C,7
7C,8D,TH,7S,TC,JC,4D,TD,6D,7H,jrb,Nl,0
QS,9H,JS,4S,JJ,KC,KD,5D,6S,9D,jrb,7S,8
6S,TH,TS,7D,5D,6D,KC,JD,8D,AD,Mike,8D,7
7C,6H,JH,5C,5H,8C,6S,4C,QH,AH,Mike,8H,6
6H,AH,JH,AC,QD,9D,7D,5S,4H,AS,Mike,6N,7
KH,6D,5D,5H,9S,4D,KD,8H,KC,8C,jrb,Nl,0
6H,QH,4C,KS,9H,7S,AD,8D,KD,KH,Mike,7N,6
8H,9C,KC,4C,9H,9D,AD,TH,4H,6C,John P,Nd,5
AC,6C,JS,7S,JD,4D,4S,TD,KD,QH,Mike,7D,9
JC,6H,TD,8D,8C,AD,8S,JS,4C,KC,jrb,8C,9
9C,6H,JH,8D,KS,TS,JD,8H,4H,5S,jrb,8H,8
8D,TH,QC,AH,7C,7D,KD,7S,AD,9D,Zach,9H,10
AC,4H,JH,7H,8H,9H,TS,JD,9C,6H,jrb,8H,8
TC,6S,KS,AD,8S,8H,JS,AS,4H,4S,Mike,7N,8
5D,TC,4D,TH,4C,9H,6S,TS,6D,TD,Zach,No,0
6C,QH,6D,TC,8C,JC,5C,AC,4S,KD,jrb,9C,8
AH,7D,8D,QH,4S,6C,5C,7C,KH,TC,John P,Nd,2
AD,KC,QC,JD,7S,JH,7C,9C,5D,JS,Mike,6D,7
JC,5S,8S,TH,7S,8C,QD,TC,7H,AS,jrb,7S,9
AS,9S,TD,7C,5C,QC,QH,JC,8H,JS,Becky,7C,7
4D,7S,AH,JS,9H,JJ,8D,5S,TH,JH,Mike,7H,10
6C,4H,8D,AS,QD,AD,TD,JJ,KD,5D,jrb,8N,10
TH,7H,4C,TD,KC,AC,7S,AD,KS,JS,Mike,7N,9
JD,TH,KS,7D,JC,8H,6C,8C,KH,JH,Mike,8H,7
JD,8H,AC,KS,JH,QH,7S,7H,QC,TD,Becky,7H,9
QS,JS,8S,8C,AC,5S,TS,AS,7H,KC,Becky,9S,8
5S,JS,AS,QS,4S,7C,7H,KH,TH,QD,Mike,7S,7
4H,AD,TS,4D,7S,JJ,QH,KH,KS,4C,John P,7N,8
7S,TS,6H,QC,6C,JS,8C,7C,TH,5S,John P,Nd,4
QS,9H,6S,JC,4C,KD,KS,JH,JD,QC,jrb,7D,5
KC,6D,QD,8C,JD,9H,JJ,9C,AH,AS,Mike,7N,7
KC,TC,4S,8C,9C,TS,4C,8H,5H,8D,John P,Nd,0
5S,4S,6H,8D,KS,5H,TH,AS,8H,KC,Mike,Nl,1
5S,9S,5D,JS,8D,QD,6S,TC,4C,9C,jrb,Nl,0
9S,QS,TC,4S,AC,4H,JS,KH,AS,5C,Mike,8N,8
JH,AH,KS,7H,AD,JJ,KH,QC,QS,6D,Mike,8H,9
TH,4D,4C,KS,7S,KC,5D,6D,JC,KH,John P,Nl,0
TD,6S,AC,4C,AS,KD,5S,TS,5H,8S,Chris,No,0
AS,5D,JS,8H,4H,6C,KC,5C,9D,TS,John P,Nl,1
4S,9S,AS,QD,KD,TD,QS,AC,5H,8C,Chris,6N,9
9D,AC,6D,5C,JS,QD,TC,TH,7D,6H,Chris,7S,6
JD,6H,JJ,7C,QC,AH,AC,KH,9C,6C,jrb,9N,10
8D,6C,7S,JJ,5S,AH,6S,QD,6H,JD,Chris,7H,8
8C,TH,4D,JS,6H,TC,9D,7C,QC,JC,Chris,8C,10
4S,JC,JS,AS,KD,9S,AH,AC,AD,6H,Chris,7S,10
4H,AS,7H,QS,JC,9D,JJ,6D,KS,AC,Mike,8S,8
4S,5H,KS,5S,8S,4C,7S,JS,9D,6D,jrb,8S,6
QH,5C,6D,TS,6H,5S,4D,KH,JJ,JH,Mike,7H,5
6C,TS,4S,KC,4C,7D,QC,JD,5H,6D,jrb,6D,6
5C,6S,KH,AS,4D,JJ,6D,TC,AC,AH,John P,7N,10
AD,KC,7C,KS,TD,AH,JJ,6H,TC,5S,Becky,7N,8
KS,TH,KC,TC,QS,TD,JJ,AD,AC,5C,John P,9N,9
QC,7S,5S,TS,TD,7D,JH,6C,5D,4S,Mike,Nl,0
9C,QS,JC,JJ,7S,8D,6D,9D,6S,4S,kitty/rich,7S,5
5H,JH,8S,QD,6D,4S,8D,QS,5D,KH,Majda,7D,7
7C,4S,8S,JD,TC,TD,KS,8H,4H,5C,jrb,Nl,0
QH,7H,7C,9H,4H,QD,QS,JJ,9S,7D,Mike,6H,8
6D,KS,9S,JD,6S,AH,TH,JH,JC,TD,kitty/rich,7H,9
9H,KC,9S,7H,JJ,TS,JD,TH,QD,7S,Majda,7H,7
6C,TC,AS,9S,KS,5S,QC,4H,JJ,KC,Mike,7N,9
5S,4S,6D,TS,7D,AD,8C,KD,QC,QD,jrb,6N,7
7D,KH,5D,JJ,AC,JC,QD,7H,TS,KC,jrb,7C,9
QC,JS,KD,AC,4S,AS,6H,JH,7H,7D,jrb,7C,4
7H,QH,5C,AC,5S,TH,KD,TS,JD,AH,John P.,7N,8
QD,8C,QS,JJ,8D,6D,KC,8H,9C,5C,jrb,8C,8
6S,8D,8S,4H,TC,4C,9S,4D,QD,4S,John P.,No,0
AD,7S,6H,JC,QH,4S,KC,JD,AH,8H,John P.,7H,5
4C,JH,5H,9D,AC,AD,JC,TS,AH,7C,Becky,6N,9
8D,6C,KS,AD,8H,9C,AS,TS,7C,9D,Chris,6N,5
8S,JC,TH,5S,JH,QD,AC,AH,8C,JD,Ann,7H,8
AH,QD,KC,QH,AC,4S,KD,TS,9D,4D,Mike,6N,7
QD,4D,JC,KS,QH,9C,AS,AD,KC,JH,Chris,8D,7
6S,5C,6D,4C,QS,9C,JH,8S,5S,TC,Zach,Nl,0
KD,AD,AC,JC,TD,JD,JH,AH,7S,8H,Rich,6N,5
6S,TS,4S,8C,8S,5H,KC,9H,5C,5S,jrb,Nl,0
KS,JC,4H,QH,9H,AD,6C,AH,9C,JH,Rich,6H,8
QC,8C,KS,9D,8H,KD,7H,JJ,4C,4D,Zach,6D,6
8S,AD,JD,JS,5D,8H,5S,8D,6D,AH,jrb,7D,6
4H,JJ,4D,TC,5D,JD,9C,QH,JS,6S,Mike,7D,7
8S,TS,QC,AH,AC,TD,9C,7D,5S,TH,Zach,7H,5
8D,9S,9C,5H,JS,9H,6C,4S,7S,5S,jrb,No,0
4H,AC,AD,4C,KS,KH,JS,9C,JJ,QS,jrb,8S,10
JH,7H,AH,6D,4C,5H,QD,4H,8C,9S,Chris,7H,9
5S,JH,4S,5C,QD,JJ,4H,5D,AS,8H,Chris,7H,10
AD,JH,4S,KD,JC,6C,AC,JS,6H,9C,Chris,8C,8
8C,6C,6D,JC,KH,AD,6H,8D,6S,KC,Zach,6N,7
4S,TS,6H,7C,AS,9D,AD,7H,8H,KS,Chris,6N,10
9H,7H,AC,TC,JC,4H,4C,JS,JJ,8H,jrb,8C,10
AD,9C,6D,9H,QD,QS,7D,8D,JS,TH,Chris,7D,7
AD,JC,TH,QC,8D,QS,4H,AS,KD,AC,Zach,7N,6
AC,KC,JJ,6H,6C,7C,4D,9C,8S,5D,Mike,7N,8
7D,6H,8C,TH,QS,JJ,5C,AS,JH,9H,jrb,7H,10
JH,8H,5H,JJ,4S,JC,KS,7D,AC,QS,jrb,7S,6
8D,AH,TS,TD,4D,QS,5H,8H,TH,7C,Zach,8H,8
JH,5C,QH,4D,TH,7H,7D,5S,TD,KD,Zach,8H,9
KC,AH,AC,QH,8C,6S,7C,4C,4D,9D,Mike,7N,6
6H,KC,JS,JJ,7C,AC,9D,KH,JH,QS,Mike,9S,10
JD,4S,KH,8S,8D,4C,KC,TD,7H,JH,Zach,7H,10
AH,QS,QH,7D,5C,KC,6H,TS,AC,JC,Mike,7C,6
QC,7S,AS,QS,JJ,AH,9C,KH,9S,8S,jrb,7N,10
6C,AD,JH,JJ,KH,8S,6S,KS,5D,JD,John P.,7D,9
8D,8S,AD,9C,6C,JJ,4D,6D,KC,JS,Mike,7C,7
KS,QD,9D,5S,KD,JJ,TC,9C,JC,AD,Little John,7N,9
8S,6S,AS,QD,7C,7S,5D,QC,KD,QS,Mike,8N,5
9S,9D,6H,JJ,JD,6D,QS,6S,8D,TS,jrb,8D,8
TD,QS,6H,JJ,9D,QD,AC,JD,KD,7D,jrb,8D,8
5D,JC,TH,4S,JS,6C,6D,AH,6H,QH,Zach,8C,9
9D,8D,JD,AC,TH,4H,QD,KS,9H,KD,Zach,7D,10
QC,4C,KH,QD,QS,7D,6D,9D,6C,KC,Zach,6N,6
4H,8H,9H,8C,KC,4S,AS,7D,JJ,JD,Zach,7H,8
9H,JC,AD,JJ,QD,KS,8D,5H,AC,KD,Little John,9N,8
KC,4H,AH,QC,KH,9H,QH,JJ,AC,7H,John P.,8H,9
8H,TH,JH,QS,9D,KC,KS,KH,6C,9C,Little John,7H,8
6C,KD,6S,QH,AD,8D,QS,JD,7D,QC,jrb,7D,3
AC,4D,7S,6C,4S,TD,AS,5S,KS,9D,Little John,Nl,0
AS,JS,TH,5H,7H,4H,6D,7C,JH,9H,Zach,7H,8
JD,7H,TD,8D,AS,7C,4H,6H,QS,AC,jrb,7D,6
AH,7C,5S,9S,6H,JJ,TD,9C,4H,8S,Mike,7H,7
6H,4D,4H,TD,QH,KC,TH,AD,AS,4C,jrb,Nd,6
6S,TH,6C,KS,AH,6H,KC,JH,JD,5S,Becky,7H,7
4S,7C,KD,7D,JD,6C,QC,KC,4H,7H,John P.,Nd,0
7C,AH,AD,JJ,4S,TC,QC,KH,8H,TH,Zach,7N,8
QS,9S,KD,AD,4S,9D,7H,6S,5H,4H,Mike,No,0
4S,9C,6D,8C,7D,6C,JD,KC,5S,AH,Mike,Nl,0
JS,JJ,8D,6S,8H,4H,4C,KC,7C,TC,John P.,8C,9
JJ,7H,KS,6S,4H,AH,9S,QS,JD,KD,John P.,7N,8
TS,QH,JJ,4D,6C,AC,QD,TH,JD,9C,Zach,8H,8
8S,KC,KS,JH,6S,JS,QS,TS,JJ,QC,jrb,8S,9
6H,KH,4S,4C,AH,5D,8D,7S,4H,9H,John P.,No,0
7D,TC,JH,6D,KD,4D,QH,QC,TD,TS,Chris,7D,9
9C,TC,KS,7H,AS,7S,AC,8S,QH,TD,Chris,6N,10
8D,9H,6D,6H,JC,5C,4H,JS,8H,8C,jrb,Nl,0
5S,8S,TS,JS,9C,5H,AD,6C,KD,JD,Zach,8S,9
9D,6H,TS,TD,AS,JH,JJ,4D,KD,8S,John P.,8D,8
KC,TC,5H,4H,4D,JC,5C,6D,AC,TD,Zach,7C,7
AD,8C,JH,5H,KH,AH,JD,5D,TH,QH,jrb,8H,8
5S,4C,9H,QH,8D,9S,5C,9C,KH,4S,Mike,Nl,1
KH,5C,TS,AD,JH,KS,JJ,5D,JC,5H,Mike,7H,10
QC,5S,AD,JH,4D,AS,4H,9C,AH,AC,Mike,7H,7
4H,5C,6H,8H,6S,5D,9D,9C,7H,4S,Mike,No,0
6D,TS,5C,QH,JD,AH,4C,7S,9S,JJ,Mike,7H,8
AH,8D,7C,JS,9C,QS,AC,8S,QC,5C,Mike,8C,8
9H,AC,JS,TD,QC,4H,6C,8C,AD,4C,Mike,8C,8
6C,JS,JD,JH,AH,8C,TH,QD,9S,4S,Mike,7H,6
7H,4D,JD,4C,JC,TS,5S,8S,5C,AS,Zach,No,0
8C,TH,JH,4S,5C,TC,4H,6D,AS,4D,jrb,Nl,0
JJ,6H,4H,4S,9D,JS,AC,9H,9S,5C,Mike,9N,6
7S,5D,KS,JC,5H,JJ,QS,9D,TC,AC,Mike,7C,10
AS,8C,6H,KH,QD,AD,4S,AH,5H,9H,John P.,8H,9
5D,5S,JD,QC,KH,9S,TC,JC,4H,TH,Mike,6H,8
AD,7C,8H,4H,9D,4C,TC,6C,6S,AC,Mike,8C,6
4D,7C,KS,JH,7D,9D,6C,6H,TC,QS,John P.,Nd,2
QC,7D,5S,KS,8D,4H,JD,AS,5C,JJ,Zach,7D,9
TH,JJ,AS,4H,TC,4C,AH,QH,KH,5H,Mike,8N,9
KH,JJ,8D,AS,AD,AC,AH,7D,9H,TD,Zach,8N,9
5C,TC,4C,QS,QH,7H,5S,9C,4D,AH,John P.,Nd,0
7C,AD,KS,KC,7H,4H,QD,9C,JD,KH,Mike,7H,10
QS,QC,JD,AH,4D,4H,KD,6H,JH,AS,John P.,7H,9
JC,QS,JS,6H,KC,4D,7C,5S,JJ,QC,John P.,8C,8
5H,5D,9D,JJ,KC,9H,8S,JH,8C,5S,Mike,8H,7
4H,9H,7C,KC,AS,6H,6D,QH,7S,8H,Mike,TS,5
6S,JH,TD,9D,TS,JD,TH,AC,KD,JC,Zach,8D,10
5H,4D,TC,7H,7C,KC,JC,9H,8C,9C,jrb,7N,4
QD,AD,AC,KD,JD,7C,6C,QC,JJ,9H,jrb,8N,9
JH,9D,QC,AD,JC,KH,TH,7C,4C,KC,Mike,7C,9
TH,5H,JD,KC,5C,TS,8H,QD,QC,AH,John P.,7H,6
KH,5H,AD,AS,JD,4H,8H,5D,4D,AC,Zach,8H,7
QS,AH,JD,AS,8D,4H,8C,7D,TC,JH,John P.,7H,9
JC,AS,9H,5C,4H,8D,8H,9C,TH,6H,Zach,Nl,0
TH,KS,TD,AD,AH,JS,5D,9S,5C,QH,Zach,7N,8
6C,AS,TS,7H,8C,5S,TD,4C,5C,7S,John P.,No,0
KD,6H,7S,JH,TC,AH,8S,JD,9S,7D,Becky,7H,5
7C,JH,6H,7H,4D,AD,6C,JD,TD,KC,Mike,8D,9
QH,KS,6C,JS,AS,7D,7S,5D,4D,KD,jrb,7S,7
5H,5D,AD,TH,JC,JD,QS,AS,8D,QC,jrb,7C,6
AC,5C,AH,6C,QS,9D,TD,4C,7S,6S,Becky,No,2
JH,8H,7S,4C,AD,QS,6S,5S,8S,7D,jrb,8H,10
6D,4S,5H,TH,KH,7S,JJ,6H,6S,8C,Mike,7H,7
TC,QC,JH,KH,4C,7H,TS,QH,4S,JJ,Becky,6H,7
QS,TD,4C,4S,QH,7S,9H,8D,AD,8S,John P.,Nl,3
JS,6D,QD,7H,JC,JJ,KD,QC,6H,7C,jrb,8C,8
7C,6C,QC,5S,AC,4C,7D,6H,TC,JC,Mike,No,0
5H,9D,JS,5C,7S,TS,KC,7C,7D,TC,jrb,8C,5
8S,TH,QS,7C,7D,AC,4H,KS,JJ,TD,John P.,9H,8
TC,QH,6S,QS,8C,4C,9D,JJ,7H,4H,John P.,6H,6
KH,6D,8C,TH,5H,7H,5S,QC,4D,7S,Zach,Nl,0
JC,9H,JH,KD,4C,QH,AC,8H,AH,9C,jrb,7H,8
4S,6S,JD,4H,AC,5C,KD,QD,6H,TD,jrb,8D,7
KH,AH,JD,4S,8D,7H,9C,6D,5H,QH,Little John,7H,6
6H,AS,KS,TD,7S,JJ,9C,TC,QS,QD,Little John,8C,7
5D,JJ,6H,JC,KS,QD,9H,8S,7C,7S,Zach,7S,7
9D,AS,AC,7S,5H,9H,QD,4C,JS,6H,jrb,7C,7
8H,6H,4D,AH,KD,KC,JJ,QD,TH,9S,Mike,8D,8
KH,QH,KC,QD,6H,AH,7S,JH,KD,4H,John P.,7H,8
TD,5H,7S,TS,JJ,7D,9D,JC,KD,JH,John P.,8D,9
KC,8S,6C,5C,JD,7D,TC,QC,7S,6S,Mike,Nd,1
KD,8H,KS,4H,JJ,4D,6C,6S,AC,JD,Mike,8D,6
KC,AC,8D,5C,KH,QC,KD,TS,TD,AH,jrb,7D,7
4H,8D,8H,AC,JH,QC,TH,TD,8S,9D,Becky,8H,5
9H,QD,5H,JD,JS,TD,TS,JH,AD,KH,Mike,7D,8
JC,KD,AH,5H,4C,JS,5C,4D,TH,4H,jrb,8C,10
4C,5C,9S,AD,6S,5D,8S,QH,KH,9H,John P.,Nd,0
JC,6C,8H,JS,KD,4D,7H,KS,KC,6S,jrb,8S,9
QH,JD,8H,9D,TH,8S,9H,TD,AH,KH,John P.,7H,8
5S,AH,TS,8S,KD,7H,9C,KH,5H,JH,jrb,8H,10
QD,9D,8D,7S,4D,TD,8C,4S,AD,KD,Mike,8D,8
KC,TD,5C,6D,7H,JJ,QC,9D,4S,6S,Mike,Nd,2
5H,AS,KD,5C,TC,4C,8H,8C,KS,6H,jrb,Nl,0
4C,5C,KD,9C,QC,9S,4D,5H,6C,6H,Chris,No,0
AC,QH,KD,JJ,9H,JH,QC,8C,4C,4H,Zach,8H,7
JH,JD,QD,7D,6D,6H,QH,AC,8H,AH,Mike,8H,9
6S,7D,AC,JJ,9D,8H,4S,9C,KH,6H,Chris,8S,9
QS,5S,AC,9S,JJ,QC,6H,JC,9H,AS,Chris,9S,10
JD,8D,8H,9H,JS,TD,9C,TH,JC,TC,Zach,7C,8
4D,QD,7D,8S,4H,JH,JJ,JS,JC,9S,Chris,8S,8
6S,QD,TD,JH,4S,7S,8D,AD,5D,AC,Mike,8D,9
QD,KH,5S,JJ,JH,AS,TH,9D,7D,6D,Mike,8H,9
JJ,TH,9H,TC,QD,TD,KS,JS,KH,QH,jrb,8H,6
6D,TC,5S,JD,5C,9S,AD,7S,KC,9H,Becky,No,1
4D,7S,JC,7C,TC,6C,7D,4C,KD,5D,jrb,No,1
KH,KS,6C,5D,8D,8S,QS,AD,AC,QH,Mike,6N,10
TH,5S,KH,9S,9D,KC,5D,6D,TS,7D,John P,Nd,0
5D,6H,KD,KH,TC,9D,5S,8D,8H,6D,Mike,Nd,0
7D,7C,6S,6H,5H,4S,TC,4D,5D,8C,Becky,No,1
JH,KH,JJ,QC,AD,JS,9H,8C,4D,AC,Mike,8H,9
TS,JH,8C,JS,7S,9S,KC,QH,JC,TD,Mike,7C,8
9C,JH,KD,KS,5S,AH,6S,JC,8C,9S,Zach,7S,7
5C,KS,6D,TD,QC,JH,8D,8S,AC,8H,Zach,6D,8
6H,4D,QH,TH,JS,5H,JH,AH,TD,4H,jrb,8H,7
4H,5S,7S,TS,9D,QD,KS,KD,6S,6C,Becky,No,1
QC,5S,KS,4D,KC,5C,TC,9H,7C,4C,jrb,Nl,0
QH,JC,5H,7C,5C,6S,7H,AH,4S,8H,Mike,No,6
KH,AS,TC,TS,9S,QD,4C,AH,5C,5S,jrb,6N,9
QS,6D,KS,6S,AS,5C,7S,5D,4C,6H,Becky,No,6
6H,7C,AC,6S,7S,8D,QH,5C,TH,5H,Mike,7H,9
8S,4H,7H,KD,AH,TC,8H,6H,5H,9C,Mike,No,2
KD,AS,KH,4C,JC,5C,4H,8D,6H,QH,Mike,Nl,3
TH,QH,4H,JH,7D,9H,KS,JS,5D,JJ,John P,7H,9
5S,QD,JH,7C,KH,8D,5C,TH,JD,QH,Mike,7H,8
7S,5S,9C,9D,8S,AD,JC,7H,8C,4H,jrb,Nd,2
AS,TH,5D,7H,5C,QC,5H,6D,4D,7S,John P,Nl,0
JJ,AH,5H,JD,5C,JS,KC,QH,9S,8H,jrb,7H,6
7D,5S,JS,JC,7H,5H,4H,JH,6H,5D,John P,No,0
8C,7D,JH,4S,AH,AD,6H,JD,KH,9H,Becky,8H,8
KD,4D,4C,KC,JD,JJ,QD,7C,QH,9H,Mike,8D,7
4C,4D,QC,9H,9S,TC,JS,6C,AS,JD,John P,7C,7
JH,AS,QH,6D,6C,5H,9S,9D,KS,TH,jrb,7H,8
6S,5C,JC,JS,JJ,8H,JD,9S,JH,7H,jrb,7H,9
8H,6C,TD,5S,6H,7H,9H,5H,5C,KC,John P,No,0
6S,7C,QD,8D,7S,JH,TD,7H,TS,JD,Mike,7D,9
5C,JC,KH,TH,7S,KD,8S,JJ,AH,9S,John P,9S,10
5S,6D,JH,TC,TS,5C,8H,QS,7S,TD,Becky,Nl,0
JH,7H,8D,TC,9C,4S,6D,AH,4H,4C,Becky,Nl,2
JD,8C,JJ,7C,8S,8H,6H,JS,4D,AD,Mike,8D,7
4C,6H,KS,JJ,9S,KC,JS,AD,JH,AS,jrb,8S,10
AC,5S,8S,5D,9D,KD,JH,4S,4C,AD,John P.,Nl,0
TH,7C,JD,7H,7D,AH,AC,8D,4H,KC,jrb,7D,7
9H,TH,AD,8S,KD,4D,AC,AS,JC,QC,Zach,8H,8
JH,6H,KS,JJ,7H,7D,TH,5D,4S,QS,John P,7H,10
TS,6S,QC,AC,JJ,KD,4H,5H,7D,KC,Zach,6C,7
4D,TS,QC,5H,9S,AS,KS,JS,5S,QS,jrb,8S,8
7D,7C,4D,4S,JH,6S,KD,6D,AH,QD,John P,No,0
4H,JC,JD,QS,4S,5H,JJ,AD,AH,QD,jrb,7D,6
5C,8H,4D,JC,7D,6C,4H,TC,KS,4C,jrb,No,0
AH,QS,AS,6D,JJ,7C,6S,AC,9D,5D,Mike,6N,8
9C,AH,7C,JJ,5H,6C,JS,KC,KD,QD,Mike,8C,9
AS,4S,6D,9D,7S,4D,QD,8D,5D,TS,Mike,No,0
KS,8D,9C,JC,TS,7S,7C,JJ,TC,TH,Becky,8C,10
QD,AD,TH,TC,QS,6D,8D,8H,KD,KS,jrb,7N,5
4C,KC,JC,JS,6D,6C,TS,JD,8S,4D,Mike,8C,9
AC,8D,8S,KS,TS,4D,TD,JJ,6D,QH,Mike,8S,8
4D,9D,KD,QS,TD,6C,5D,AC,7C,JC,John P,No,0
6D,KH,5C,4H,4S,AH,TS,JS,8H,9D,Mike,8H,8
4D,QD,5S,AH,4H,TH,QH,AS,7D,JJ,jrb,8N,9
JJ,AD,4S,KH,QD,9D,5D,4C,QS,JD,jrb,8D,8
9S,KC,4S,8D,TC,KS,9D,9C,8S,AD,Mike,9S,9
JH,KC,QH,7S,5D,8C,KS,4S,5C,8S,Mike,Nl,0
JH,AC,KS,5D,8C,7C,6H,4D,JC,AH,Mike,6H,5
QC,7H,QH,6D,8D,QS,9C,6H,9S,AD,Chris,Nd,0
KH,KD,TH,7C,7S,JJ,7H,AD,8C,AH,jrb,7N,7
6H,8D,9C,JH,9S,4S,AC,JJ,QH,4C,Mike,7H,8
JC,6H,TH,4C,TS,QH,4H,8S,7C,AS,Chris,9S,4
7H,JD,7C,AS,4C,TH,JC,TC,QC,KH,John P,9C,10
KH,JD,8D,7D,AD,7S,AS,8H,KD,7H,Chris,9D,7
7C,4C,TH,JC,6S,5S,6D,TD,6C,7S,Mike,No,0
JC,JS,JJ,JH,8D,QC,KH,5C,5S,7S,John P,8C,6
9S,4D,KC,9D,TD,JH,8S,QD,TS,KD,Zach,7D,7
9H,TC,JD,AS,AC,JH,4S,6D,JS,5S,Mike,7H,7
7S,5H,AS,AD,KD,6H,QH,AC,4H,JS,jrb,7N,8
5S,6D,8H,4C,TS,QD,7D,5D,9C,8C,Becky,Nd,6
4D,8C,KC,QC,9C,JC,AH,9H,4S,TS,Mike,8C,8
6S,8D,4S,KD,KS,QC,6D,AS,8S,5C,Mike,Nl,1
8C,7S,4D,AS,JS,KC,6H,KS,6S,TC,Becky,9S,10
5H,6D,JS,QH,5C,7D,4D,5D,8S,JH,jrb,6D,9
8C,QH,6C,TH,KH,6H,KC,JD,KS,4D,John P,7H,8
9D,4C,JH,AS,7C,5S,6S,5C,TH,8H,Mike,Nl,0
QS,8D,8H,4S,8C,JD,TC,9D,5C,QC,jrb,8H,6
TS,7D,5H,4S,AS,5D,7C,6D,JC,7S,Mike,Nl,0
9D,TC,6H,KD,7S,TD,AD,KC,5C,QD,John P,7N,8
JS,TS,8C,7H,7D,KH,8H,JH,9D,9C,Mike,7H,5
5D,AH,8S,5S,QC,6D,JJ,JC,6H,4C,Mike,7C,10
QH,KC,9S,9D,7H,AH,QC,AC,TD,6S,Mike,7N,6
9D,4D,JS,7H,AS,AC,AD,6C,TC,8S,jrb,7C,6
TD,4C,4S,5H,9D,6C,4D,8H,JH,8D,Becky,No,0
6S,JD,JC,9S,7H,KS,JH,5H,TH,9D,jrb,7H,9
9D,JJ,TC,KS,TH,AH,8S,KH,4S,7S,Mike,9N,10
6S,QC,8D,TD,QH,6C,JJ,4S,6H,5C,Mike,No,4
5C,KC,9S,7H,5D,TD,JJ,AD,QC,9H,jrb,7N,9
8D,4S,JJ,6D,6H,AS,7D,8S,JH,5D,John P,No,1
JD,7C,QD,AH,AS,KC,TC,QC,JC,6H,Becky,7C,8
AH,6C,AS,AC,5S,QH,8H,4H,8D,JJ,Mike,8N,6
5S,AD,JC,JH,KH,JJ,8C,TD,9S,JD,John P,7D,8
QH,QC,6D,5H,4D,JD,8S,JH,6C,KC,Mike,7H,6
AS,4C,4S,JC,JJ,AC,TH,TS,6H,7D,jrb,Nd,5
KH,6C,8D,AS,4H,7C,AC,AD,4S,4D,John P,Nd,1
9H,QS,5C,KH,6S,5D,8S,KC,4C,7S,Mike,No,0
6S,7H,KH,AH,AC,TS,QH,JJ,4C,9D,Becky,7N,8
KD,AH,JC,6D,QC,QH,7S,4S,8D,AS,Mike,8N,7
AC,7H,7S,TC,AH,5C,JC,KH,7D,8S,John P,6N,5
5D,AC,QD,9S,QH,JJ,6C,5C,JD,7D,jrb,8D,9
QC,QD,TD,AD,7D,8H,JJ,7C,8D,JD,Mike,8D,9
QD,AD,4S,8S,JD,KH,JS,8C,7C,7H,jrb,7D,7
9C,7D,8C,AS,8H,KD,JD,QS,TD,KH,Zach,6D,5
7S,QH,TC,7D,4D,8S,5D,AC,5S,TS,Mike,No,0
4S,AC,9C,5C,KC,8C,4D,TH,JJ,JC,Zach,9C,7
KS,AS,QS,9H,JJ,JC,4S,TC,6H,6S,Mike,8C,9
KC,KD,JD,6C,TC,7C,6H,7D,5S,JS,Mike,8C,7
QC,5C,6S,JC,7D,4C,TH,7C,9C,5D,Becky,No,1
9C,7S,AD,JJ,9H,7C,JC,7H,5C,JH,jrb,7C,8
TD,9S,4H,6D,TH,5D,7H,KS,TC,TS,Mike,Nl,0
7D,JD,8C,5S,8S,7S,JC,6C,JH,AS,Mike,7D,6
8C,7D,6D,5H,TD,9C,4C,9S,QD,JS,John P,No,0
5C,7C,9C,AD,KD,8D,4H,JJ,JH,QD,John P,7D,7
KH,7S,4S,AC,4C,AS,QC,JC,8S,5C,jrb,7C,3
5C,TH,9C,JD,TD,7C,4S,9S,7S,AD,Mike,7D,7
QH,8S,5H,AD,9S,JH,TC,QD,8C,TH,Mike,8H,8
TC,JC,KS,5C,8S,QS,4D,4C,7H,4S,Mike,Nl,0
6S,JC,QC,9C,JS,KC,5H,7D,QH,KD,Becky,7C,8
9S,TC,KC,8C,TH,TD,7C,6C,4H,JS,Mike,7C,10
7S,4D,JC,4C,9C,AC,QH,TS,5S,6S,jrb,Nd,0
TH,KS,7H,TS,6D,AC,JC,8H,AH,QH,Mike,7N,6
AC,9C,KH,8C,TS,8D,5D,JD,JS,JH,Becky,7D,9
6D,JH,6C,AC,JS,TH,AH,9H,6H,8D,Mike,7H,5
6C,4C,AD,9C,KH,9H,8S,5C,7C,4H,John P,No,2
TS,5C,AC,4D,9D,9C,4C,AH,8C,7H,Becky,Nl,0
AD,QH,9H,JC,5H,QC,KS,7S,JS,QS,jrb,8S,7
QD,JS,QH,JH,5S,5D,9C,7D,5H,4S,Mike,8C,6
4D,TC,5C,5D,8D,7H,8C,9H,TS,6C,jrb,No,0
5D,AD,AC,9C,JD,4H,8H,4S,7S,TD,jrb,6D,7
4D,AC,7S,AD,QS,JS,AH,JC,AS,7C,Mike,8S,10
QC,TH,7H,6D,9S,6C,KH,TS,JD,JJ,Mike,8H,8
6D,QD,7C,TH,KD,TD,AD,4S,9S,5H,Zach,7N,7
KS,7H,JC,8D,6D,TC,9D,AC,7D,AH,Becky,7N,7
JS,7C,TS,5C,4C,6C,8C,KD,5S,4S,jrb,No,0
JS,KS,5S,9H,5D,5C,6D,8H,JJ,JH,Mike,6H,5
8S,JH,JD,TC,9S,QS,9H,JS,AH,7H,Mike,7H,8
AS,4S,AD,5H,8D,9S,JD,7H,5C,AC,Becky,7N,3
6S,JS,QD,JH,6H,7D,KD,KS,8D,TD,Mike,8D,7
AD,9S,5H,4S,5D,7S,4H,JH,4D,JD,Mike,No,0
KD,6C,7D,5C,4H,KS,TS,4C,8S,KH,jrb,Nd,4
5C,6C,AC,5H,9H,AD,6D,TC,4S,KD,jrb,7D,8
5D,8H,9S,4S,9D,7C,8C,QD,KC,5C,Mike,Nl,1
JD,4H,8D,5D,4D,7D,8H,9H,JS,6C,Becky,Nl,0
AD,JD,8S,QS,AS,QC,TS,4S,TH,7H,jrb,7H,9
JS,8H,4C,9C,JD,QH,5D,TH,AD,AS,Mike,6H,5
QH,JC,7H,8H,7D,4H,AS,5S,6H,KH,Mike,8H,8
QD,5S,KH,TS,KS,9D,AH,8S,8C,6S,John P,9S,10
4C,AC,8D,9H,8C,5C,4S,8S,JC,KH,John  P,7C,5
AS,JD,8S,JH,6D,9S,AH,KD,AC,5D,John  P,8D,9
8C,JC,TD,7D,4D,JS,JJ,4S,TC,8H,Mike,8C,9
4H,7H,8S,8H,4S,TS,5D,4D,AD,KC,John  P,No,0
9C,4C,AD,5C,8H,AC,8C,6H,6C,AS,Becky,8N,5
9D,QD,JJ,6C,JD,9S,QC,AC,9C,KC,John  P,9C,10
QD,JS,9C,5C,5H,4C,6S,QS,JH,JJ,Mike,7N,5
TH,7H,9S,5H,QC,6C,5C,9C,AC,4D,John P,No,0
4D,QD,9S,JH,KS,8C,AS,AH,JS,8H,John P,6N,8
AS,JC,AC,TS,JH,9D,7C,9S,4D,AD,jrb,7D,7
8H,9H,4C,AH,JC,AD,KH,9D,6H,7C,Zach,7N,5
8D,6S,JC,4C,8H,4S,7C,8C,5C,QD,John P,No,0
7H,KD,5S,JS,6S,4D,AC,JJ,KS,AD,John P,7N,10
AC,8D,TC,4H,6S,TD,JS,KC,TS,7H,Mike,8C,7
4H,7S,5H,9D,QS,AS,7D,JJ,7C,6C,Mike,7S,3
JS,TC,KC,9C,AS,QC,8H,QS,5H,8S,jrb,8C,5
9S,JS,4D,5C,QH,8D,7C,9D,AD,KS,Mike,8D,8
4C,4D,8H,TC,QH,AC,9C,AH,5H,6D,Zach,Nd,0
KS,AC,AD,TC,4H,6H,QS,JH,7H,5S,Mike,6N,7
7S,6D,7C,JJ,TS,6H,8C,4S,4D,KC,Zach,Nd,0
9S,6C,JC,7C,8S,4D,4H,5C,7D,KD,John P,Nd,0
9C,JJ,AC,JC,9H,6S,JD,9S,JS,8S,Mike,8C,9
4S,QC,AC,4H,TS,JJ,JS,8H,5H,9S,Zach,8S,9
9H,KS,5D,6H,JH,TH,4H,JJ,JD,5H,Mike,9H,10
AS,KH,AC,5S,AD,9C,8C,4D,6H,6C,John P,Nd,6
QH,9S,6S,AD,TS,4S,4C,7H,KC,6D,Mike,Nl,0
KS,AD,QC,8C,QS,5C,QH,9H,AC,4S,Becky,7N,7
5D,5H,JS,JH,JC,4D,9S,7D,KH,TH,Mike,7H,7
6D,5S,JH,8S,JD,6S,AS,7S,4S,7D,jrb,No,0
4H,JC,JH,4D,8C,7C,QD,5D,7D,5H,jrb,No,0
KD,5D,4H,AC,9S,4S,7S,9D,QS,AD,Becky,Nl,1
9H,8C,QH,JH,AH,6H,5H,5C,6D,TD,jrb,7H,9
5D,9H,4H,7S,TC,5C,4C,6S,8S,JC,Mike,No,0
9H,AD,7D,KH,JH,4S,6H,JJ,QD,JD,jrb,TH,10
6C,9H,6S,QS,TS,9S,4S,JH,9C,JS,Mike,8S,8
9D,9H,QD,8C,AS,6C,9C,JC,AD,8S,Zach,8C,10
JC,7S,4S,4D,AC,TD,QD,8D,6H,JS,Zach,7S,9
4C,9H,JJ,9C,KH,7C,4S,6H,8H,AC,Mike,Nd,3
JJ,TC,JD,4S,9S,AD,6D,9H,4C,JC,Mike,TD,7
JD,AD,8C,5S,6C,7S,9C,JC,4H,5D,Mike,Nl,1
JD,7D,6D,9H,JH,9D,AH,TS,AC,6S,John P,8H,10
6C,8C,AC,5S,7C,TH,4D,6S,8S,JJ,Zach,Nd,6
5C,AC,6H,JH,TC,KC,AD,QD,8D,6D,Zach,7N,9
6C,TS,JJ,5D,6D,AS,8H,JH,QS,6S,Mike,8S,9
9S,JJ,TC,7C,9C,KH,5C,4S,QS,6S,Mike,7H,5
KC,KS,5D,7C,6D,6S,9D,AD,JH,TD,Zach,Nd,1
KD,QD,TC,4C,4D,9C,KH,TS,TD,7S,Mike,Nd,0
AC,8D,JJ,7S,9H,AS,TS,7H,6H,QS,Mike,9N,7
TC,AH,KS,JJ,QS,4H,4C,4S,JS,4D,Mike,8H,8
8D,6C,9D,TC,9S,6S,6D,JC,JH,AC,jrb,8C,6
6D,7S,6S,AH,6C,KS,TH,6H,5D,QH,Zach,No,0
QH,KS,4H,QD,5C,AC,9D,4C,5H,TS,Zach,Nl,3
AS,QH,6C,8H,JC,KH,JD,TC,QC,5H,Mike,Nd,5
AC,KD,QS,9H,9D,JD,JH,8H,KH,7H,jrb,8H,9
8D,QC,5S,9D,6C,7C,6H,AS,9H,4C,Zach,No,0
6D,9H,4C,AC,QC,5D,6C,7C,QD,8D,Mike,No,2
TD,JD,6C,TS,4D,5H,JJ,AD,KD,QC,jrb,8D,10
6D,4H,4D,JH,KC,TH,JD,5S,KH,5C,Mike,8H,9
7S,JC,9D,8H,QC,6D,JS,5C,7C,9H,jrb,8C,8
QH,4H,9H,JC,6H,4S,4D,8H,KC,7C,Mike,Nl,0
4D,KS,5H,AH,JS,5C,AD,9C,8H,5D,Mike,7H,9
JJ,JD,5C,9D,5S,AD,KC,6H,KD,AS,jrb,8N,10
JJ,6H,QS,7S,KH,5D,JC,TS,7C,4D,Zach,7C,8
6C,AC,7S,4S,KH,TS,6S,8D,4D,8S,John P,No,0
QS,QC,7H,7C,QH,6H,KC,9H,AC,TH,Mike,8N,9
8S,5S,AC,7H,6D,JD,5D,8C,8D,AD,Mike,8D,8
6S,AH,9S,AS,6C,AC,6D,4S,7D,5C,Becky,8N,7
JJ,8C,5S,8H,JC,9S,7D,7S,KD,9D,John P,8C,9
9H,4S,KS,QD,TS,6D,TH,KH,JS,JJ,Mike,8S,8
AH,9C,7D,9S,JH,7S,6H,TH,5C,JS,Mike,7H,6
4C,JJ,TC,JS,8C,6C,JC,9S,AD,8S,John P,TC,8
9S,5C,JD,JH,7C,4C,KD,6H,QH,9C,Mike,7H,7
KC,4S,8C,TH,JJ,AD,9S,QS,6D,7S,jrb,7D,8
9D,QC,6H,KH,JH,AC,KC,TH,JS,AH,Mike,7N,9
4C,8C,TC,5H,QC,9D,AS,JJ,8S,KD,John P,7N,7
9H,5H,5S,KC,QS,AS,QC,JS,KS,7C,Mike,8C,9
JH,JS,QC,5C,KH,KD,JC,TC,8C,AS,John P,8C,8
9D,6C,QD,7S,8D,AS,4C,6H,QS,9C,Mike,Nd,2
AD,7H,AS,9D,6C,4C,6D,4H,JH,TH,jrb,7H,10
TD,7S,AS,TS,KD,8D,5D,JH,6S,AD,jrb,7D,10
6S,JS,9S,9C,AS,AC,TC,8H,6C,4H,Mike,8C,9
9D,AD,7S,TD,AS,4C,5D,4D,JC,8H,Mike,No,0
5C,KS,8S,5H,7H,6H,4D,6D,KC,7D,Mike,No,0
7H,JD,8S,8H,TH,AH,6S,8C,7C,9D,jrb,8H,8
KD,JC,4D,QS,8D,KH,4C,7C,KC,6H,Mike,Nl,1
TC,KC,4H,TH,JC,8C,9H,5D,4C,5H,Mike,TC,6
TC,AH,9D,AD,4D,8H,JD,6D,7C,JS,Zach,7D,8
QS,JS,4S,8H,4H,6C,9S,9D,8S,QH,Mike,Nd,0
9H,TH,4C,QH,4H,TD,7S,AH,7D,JJ,John P,8H,8
5S,JH,6S,TD,5D,9D,4S,6H,7D,AS,jrb,No,0
JJ,AC,JH,6S,9S,5S,KS,TD,8D,4D,Mike,7D,7
KC,9C,4H,QC,JH,8S,JC,KH,TC,4C,jrb,8C,7
9D,4S,KD,8C,JJ,7C,TD,AS,JD,TH,kitty,7D,10
4H,8H,QD,TS,TC,5H,QH,9D,8S,JD,John P,TH,6
TH,QS,QC,JD,6S,4C,9C,TC,QH,JC,Mike,7C,6
QH,4H,5C,4C,8C,8D,AH,TS,6C,QS,Mike,No,0
JH,5S,8D,9H,9S,8C,KS,TS,TD,4D,John P,9D,5
8H,9C,AC,AD,JD,KS,QD,5C,QS,AS,Mike,7N,6
QS,TH,9D,JJ,QC,8S,TD,AD,AS,9C,Mike,8H,9
QC,AS,JH,7H,6H,AH,9C,JD,4D,KS,John P,8H,10
7H,4S,9D,7D,AS,8D,5D,4D,KH,KS,jrb,Nd,3
QS,4C,QH,TH,6D,AH,KH,4H,4S,5D,Zach,No,0
TS,KD,AD,TC,9C,AC,4D,JC,6S,5C,jrb,7C,7
JH,TS,KS,TH,9H,6H,QH,QS,4C,TC,Becky,8H,7
QC,TH,JS,AH,AD,7S,9D,4H,TC,5H,Mike,8D,7
6C,9C,4C,6S,JH,JJ,4D,TS,5C,8C,Mike,No,0
4S,7S,QS,KH,4D,5H,9D,AD,6D,QC,Mike,Nl,0
6D,7H,4H,6H,9H,8D,AC,8H,4D,KD,jrb,Nd,0
5C,KC,8D,6C,AS,KH,TD,9C,4S,6S,Mike,No,1
7H,9D,5S,8C,AC,4H,JD,9C,6D,5D,Mike,7H,7
9H,8S,6C,AD,JD,5S,KC,9C,JH,JJ,jrb,7D,10
4H,JJ,AS,8H,KS,KH,JS,AD,5S,JC,Becky,8S,9
7C,9H,6S,7S,5H,JH,JD,KS,4H,KD,Mike,7H,8
7C,9H,5H,KS,JH,7D,6D,5D,8C,JC,Mike,Nd,2
7C,7H,9H,6C,QD,JS,AD,AC,KC,JJ,Mike,9C,10
KC,AD,5H,9H,4H,4S,7H,6D,QC,9C,John P,No,0
9C,QS,5C,4C,5H,8D,7H,TS,6H,TC,John P,Nd,0
6S,4D,JH,4C,6H,AD,9D,QH,AS,5S,kitty/rich,7H,8
6H,AS,4D,TD,4C,6D,QC,8H,4S,5C,John P,No,0
7C,QS,KH,AC,QH,9C,4H,4S,9D,AD,jrb,7N,7
QS,QD,4D,8S,JJ,JD,4S,4H,9H,KC,Mike,8D,6
AD,QD,4D,8H,7C,JD,6D,4H,QH,6C,Mike,No,4
7D,AS,5C,9D,9C,6H,JH,QS,4S,6D,Becky,Nd,1
JS,JD,QS,9H,AH,8H,7C,6D,QH,4H,Mike,8S,6
9C,9S,TS,5H,AS,QC,JS,5D,8H,QD,Becky,8S,4
4S,AD,7S,KC,5H,7H,KD,QC,9D,JJ,Mike,7D,8
4H,TD,7H,AH,7C,7D,4C,8C,JJ,JS,Zach,7C,10
5C,8H,QH,JD,5D,7S,AH,JS,6C,5H,Zach,7H,8
5S,8H,AD,AS,9S,KC,TC,QS,6C,KS,jrb,7N,6
TS,5C,7S,6S,QD,9D,8C,8D,AH,QS,Mike,7H,5
4H,5D,AD,4D,9C,KC,KS,JS,TS,QS,Zach,7N,5
7C,AH,4H,JD,5H,7D,QD,4D,TS,8C,jrb,7D,4
5H,KH,TS,TC,7C,7S,5S,AC,6D,5D,jrb,Nd,0
5H,7C,7S,6D,7D,5C,AD,JJ,8D,8H,Mike,7D,7
AC,KC,QS,7D,6S,AS,6C,5H,6D,5D,Mike,No,3
8C,7D,7S,8D,7C,5S,TC,TS,6S,KS,Mike,No,1
6C,5S,QH,KS,7C,9S,AS,TC,AC,5H,Mike,Nd,0
QH,7S,9C,9D,JJ,JC,KD,AH,9H,QD,Becky,7N,8
5S,4D,5D,QD,JH,AS,8S,6S,KS,4H,John P,Nd,0
KD,AD,JJ,4C,6C,JC,KH,KC,6D,QD,Rocky,7N,9
KH,JC,QS,AS,AH,7D,9H,8C,AC,6D,Mike,7C,9
6C,6H,8H,7S,5H,4C,TS,6S,8C,AD,Mike,No,1
7H,KH,TH,5C,5H,QC,JS,8C,AH,QH,John P,Nd,5
JD,4D,6C,4H,8D,JH,6S,8C,7H,QH,John P,7H,6
7D,JD,8C,KH,9H,AS,5D,6H,KS,KD,Mike,7H,8
8D,8S,AC,AS,8H,4H,4S,6D,QC,6C,John P,7N,8
JD,4S,6H,QS,7H,4D,8C,JJ,KH,AC,Rocky,7H,8
7H,TC,AD,7C,JH,TS,9D,AS,8C,TH,Mike,7H,7
7S,8H,TH,QH,5S,5H,5C,6D,5D,AC,John P,Nl,0
9C,7D,7H,TH,JC,6H,9H,8H,9S,AS,Becky,Nd,0
4S,KS,8H,8D,TH,7S,JS,8C,7C,JD,Becky,Nd,8
JC,8D,9D,KC,8C,9H,5C,8H,5H,QC,jrb,7C,7
6H,9H,KC,JC,QC,7H,KS,8C,AC,JS,jrb,8C,5
JD,6D,5S,JJ,9H,AS,7D,8C,JS,7S,John P,8S,9
QC,JC,9H,JS,JJ,8S,4H,KC,KD,4C,John P,8C,8
JJ,6H,4S,5H,JS,4C,6C,9D,9S,7C,Mike,Nd,4
5H,4D,JH,TC,KS,6S,QD,7C,8S,7S,Mike,Nl,3
6C,AD,AC,KC,9S,5C,9C,4C,5S,AS,John P,No,2
QD,QS,TS,4H,6H,4C,JJ,8C,4D,JH,John P,7H,7
5S,QC,AS,KH,8H,AD,8S,JJ,6C,5H,Mike,8N,9
QD,JH,7S,QS,7H,4C,QH,KS,QC,KC,jrb,7H,9
QS,QD,7S,5S,QC,AH,TH,AD,QH,4H,John P,7N,6
JD,7D,7H,8H,9S,4C,JC,AD,5S,JH,Mike,TD,8
KH,KC,4H,TD,5C,JJ,JH,TC,AC,8S,Mike,8H,7
QS,TH,9C,AH,KS,JC,AC,JS,AS,TC,Zach,8C,8
JJ,QD,7D,TS,7S,KC,7H,5C,JC,KS,Mike,8C,6
9H,TS,4C,TD,7S,QS,4H,5C,5S,4S,jrb,No,0
KD,QC,AS,TD,QS,5C,6D,JD,JJ,8D,Mike,8D,10
KC,AC,TC,8C,8S,6D,JD,4C,QC,KS,Mike,7N,8
AH,TD,8S,4H,JJ,7D,AD,QS,TC,7H,jrb,7N,9
4S,AD,KD,KH,5D,AC,JS,5S,KS,TD,John P,8S,10
8S,9H,TC,JH,6D,9S,KD,7H,4C,JC,jrb,7C,5
9H,KC,7H,JC,JJ,8S,KH,JH,QC,AS,John P,7H,9
AD,4D,8D,JS,4H,5S,KD,9S,JJ,6S,jrb,7N,8
9C,7S,JD,AC,8H,4H,QH,5D,AS,KH,Zach,7H,9
KC,5H,QD,4C,7H,9H,TH,5C,4H,AH,Mike,No,0
8D,7C,9S,JC,9C,9H,KD,JS,6D,QC,Mike,8C,8
JS,6C,7C,AH,KD,TC,7H,7S,9C,TD,jrb,7C,9
6H,AH,5C,TS,4C,4D,6D,KC,TD,AD,Mike,Nd,0
4S,8S,TD,9D,8H,6C,7C,QS,AD,JS,Becky,8S,5
KC,AD,8C,8D,7D,6D,KD,TC,6C,KS,Becky,7N,7
9C,TC,7H,TH,9D,6D,AD,QC,JJ,4C,jrb,7C,8
KC,TD,7C,9C,7D,8D,JC,4S,6C,6H,Becky,Nd,4
9C,7D,AH,JJ,JS,6D,6C,QC,7C,AD,Becky,8N,6
4H,5C,4S,5D,KC,QS,JD,6D,QD,7H,John P,No,0
JS,5C,QC,AD,KD,AS,JJ,JD,AC,9S,Becky,7N,10
KD,6H,QS,7H,TD,9D,6S,6C,AC,QH,Becky,6N,6
TD,AC,9S,8C,7H,4D,JS,JJ,QC,AH,jrb,6N,6
AS,AC,JC,QH,5H,7C,4C,TD,4H,KH,jrb,7H,9
8C,4D,JH,8D,AC,AH,AD,KH,QH,JS,Mike,7H,8
8C,TD,6D,5H,7C,JD,6H,4S,4D,8H,Becky,Nd,2
9D,JD,AH,7H,AC,TH,7C,KC,5C,JS,Mike,7N,5
KS,8S,TS,JC,4C,8H,4H,6H,QH,QC,jrb,7H,6
AS,6D,TD,QS,8H,4H,6S,JC,KH,JS,jrb,8S,9
JH,JJ,4D,5H,QC,6D,4H,4C,5S,JC,John P,No,0
6C,7D,5S,AC,TC,KH,8H,4D,9D,7H,jrb,7H,7
QH,9H,AS,6S,AD,8C,4D,KC,QS,4H,Mike,7N,9
AS,9H,KC,QS,QC,4D,AC,TS,JD,KD,John P,7N,10
KH,JC,4H,6C,6S,KS,AC,8C,TH,4S,John P,8C,8
5S,9D,QS,KC,7C,AH,JD,QC,4H,AS,jrb,8D,7
KS,JH,JJ,AH,6C,7C,6D,TD,8C,QD,Zach,7D,5
5D,4H,KD,6H,QH,7S,8S,4D,5C,JJ,jrb,Nl,1
9H,8D,TC,5D,6S,JD,QH,9D,KD,TD,jrb,8D,8
JC,KH,QD,TS,QC,9D,7S,5H,6C,4C,jrb,8N,6
6H,4H,5C,7D,KH,KC,AH,5D,AC,4C,Zach,No,0
9D,4H,KS,4C,9S,TH,QC,8C,7D,7C,jrb,Nl,0
5S,7D,9D,JJ,6C,QH,5D,JC,4S,JS,Mike,7C,10
4C,TC,QH,AH,JJ,KC,7C,6H,9H,AS,Zach,7N,10
6D,9S,QC,QD,9C,KH,JJ,TH,TC,7C,Chris,9C,9
QS,QD,4D,JD,QH,9D,KH,KC,4S,7D,Zach,7D,6
JH,6H,5D,JJ,5H,8S,TC,TH,8D,JD,Zach,8H,10
7S,4H,9D,9S,8C,JJ,6D,8D,TS,4D,Chris,No,0
TS,QH,5S,6C,6S,AS,JJ,KS,7D,JS,Zach,8S,10
AD,5S,JS,JC,4H,QS,7C,JH,KH,AS,Mike,8S,8
8C,9C,QC,7S,JS,TH,KC,JJ,4C,AC,Mike,8C,9
7H,6S,8S,5S,8H,4H,JH,5C,TS,TC,Matt,7H,5
TH,7S,5S,KC,KD,AH,8C,JJ,5H,JH,Matt,7H,8
JJ,TH,KS,6C,JH,9D,TS,AD,7D,AH,Zach,7H,7
6C,7H,TD,9S,TH,4C,8D,7D,4D,QS,Matt,9S,8
9S,AC,4C,8H,8D,JH,QD,JJ,4S,5H,Mike,7H,9
TD,AH,5C,AD,JD,TS,4S,KD,6H,KS,Mike,8D,8
4C,5S,QC,5D,TD,6D,6C,AD,JJ,7C,Matt,9C,9
6S,7D,5S,6D,QH,JS,9D,QC,4S,7S,Mike,Nd,5
8S,9H,4D,JS,4S,7S,KH,6D,7D,AD,Mike,8C,8
6C,TC,7D,6H,KH,8S,4H,7H,5C,TH,John P,No,0
TS,5H,JC,JJ,TD,QC,KC,JD,KH,QH,Mike,8H,10
7H,KD,JJ,4C,6H,AS,9D,8D,8H,JH,jrb,7H,10
4H,5H,8S,6H,KD,TD,TS,4D,AH,AS,Becky,8D,9
6C,7D,9H,9C,TC,6S,KC,7C,4H,6D,Mike,Nl,5
8C,QH,TS,JH,4H,7S,JS,7H,KD,6C,Mike,7D,7
6S,6D,JJ,6C,KS,JD,KD,8C,QS,AH,Zach,7N,7
5D,4S,AH,9S,JJ,9C,KD,AC,8H,TC,John P,7N,10
9D,5D,TS,5S,7H,AH,9H,JJ,4H,8H,Zach,7H,8
6S,4S,5C,KS,TD,4D,KH,7S,7D,5D,Zach,No,0
AC,9C,4C,JH,7D,7C,6H,QD,KH,5D,Mike,7C,7
QC,4C,6C,5D,TC,JC,9C,AS,JS,5C,John P,9C,9
7S,4C,KH,5S,9H,8C,JH,8D,5D,4D,Mike,Nl,0
KH,5S,9H,7H,5H,6H,TH,8D,8H,TS,Zach,No,1
JS,AC,8H,9S,6C,4D,6S,9C,5D,TD,John P,Nl,0
5C,KD,AS,4H,8D,AD,QH,QS,6C,QD,Mike,7N,9
AC,5C,JJ,7H,AD,QH,6D,5S,7D,JH,John P,7H,10
KS,7D,KC,6C,KH,AD,TC,9S,9C,AS,Becky,7N,7
5D,KD,QC,9H,AH,4S,TC,9D,7H,JH,Mike,7H,8
8S,8D,8H,KS,KH,AH,9S,JD,4C,KC,Zach,7H,7
5C,QS,6D,KH,5H,JS,6S,9S,TS,4S,Zach,No,1
JC,6S,8D,TH,6C,JH,9C,8C,JD,8S,Zach,7C,7
JJ,JS,AD,TS,8S,AC,KS,9S,7C,4D,Dani,9S,10
KC,8H,9D,AD,5H,QC,JC,KD,JD,8D,Zach,7N,10
KD,JC,JD,5C,5D,QH,4S,6D,QC,4C,Zach,No,0
9H,5C,7H,7S,4S,JC,7C,TH,TC,4C,Mike,No,4
AH,9C,4D,7H,8H,KH,8C,KC,JH,6D,John P,7H,6
7C,KC,TH,8H,7H,9H,9C,5D,4S,7S,Dani,Nl,0
TD,JC,AH,JJ,JS,8H,QC,4D,5S,QS,Zach,7C,10
5S,TS,9D,8D,7D,JD,QC,TD,5C,5D,Mike,No,1
4C,JD,JC,4S,QC,TH,6C,TS,JH,KH,Mike,7H,7
JJ,9C,6H,8S,TD,4D,AS,QH,5D,JH,John P,8H,8
KC,9H,AS,KD,JJ,KH,TH,5S,7D,8D,jrb,7N,6
7D,9D,JC,AS,4S,4H,7H,TH,4D,9S,jrb,Nl,3
5C,JH,8C,5D,5H,7C,AD,5S,7H,4C,jrb,Nl,0
JH,7S,7D,4S,9D,AH,JJ,TS,8H,JC,Mike,7H,6
KD,KS,TD,4H,QD,QS,9S,AC,TS,5C,Mike,7N,6
JJ,6S,5C,5D,QD,AS,5H,9H,9D,7D,John P,No,0
4H,8S,5C,KH,7C,6S,6H,5H,6D,AC,John P,No,2
4S,5D,QD,6H,KH,JD,TD,7D,5C,6D,jrb,7D,8
KS,QH,AC,QD,9D,7H,KD,JJ,6S,4C,Mike,7N,9
9C,6S,4S,JH,7H,QC,JS,4D,9H,7C,Zach,Nd,0
9C,6S,8D,4S,9D,QH,KS,JS,TS,4D,Mike,No,0
8D,JC,QH,TH,KH,TD,9H,5S,AD,JJ,Zach,7N,10
6H,JS,TH,5S,8S,9H,4H,4S,8D,QS,jrb,Nd,2
9H,KH,6H,JH,AS,9S,TH,4H,7H,5D,jrb,8H,8
AD,QD,8D,KS,8C,AC,JJ,JS,KC,9H,Mike,8C,10
5D,8S,KS,4D,6S,JS,8H,KH,4H,QH,John P,Nd,0
5D,AD,5C,TH,5H,6C,QH,JH,TS,JJ,jrb,8H,10
AC,8C,AH,KH,QD,JH,5D,AS,JD,KC,John P,7H,10
9C,JJ,4C,AC,KC,5H,TS,6D,6C,5S,Mike,7N,9
JD,9D,8D,KS,KD,4D,9C,6S,9S,QH,jrb,7D,8
AS,JJ,AH,KS,9S,JH,6D,9H,QD,QS,Zach,8N,10
JS,4H,4S,7S,QS,JJ,4C,8C,6S,5D,John P,No,0
7S,KH,TC,8D,9C,4C,JH,TD,AS,9H,Mike,Nd,0
7C,AS,QS,AH,AC,JD,TC,7S,KS,TD,John P,7N,7
5S,9S,KD,5H,7S,8S,JC,7H,9C,4C,Zach,No,0
QH,JD,5S,8C,9H,JH,KD,5H,AH,8H,Mike,8H,10
JS,6C,4D,AD,6D,JJ,8S,7D,9S,QC,Zach,7C,10
JJ,6H,4H,5C,JS,QS,JD,7D,JC,QH,Mike,8S,8
8S,6C,AC,JC,KH,QC,5C,AS,9H,9S,jrb,8C,9
4H,AS,6C,JH,KH,9D,TS,TD,KC,JS,Zach,8N,7
JS,KD,QH,4C,8H,7D,KH,5H,6H,4D,Mike,No,0
JS,4D,8C,5D,KC,JH,QD,7C,9D,AS,jrb,7D,8
8D,KD,7H,TS,KH,AS,8C,6C,QC,AD,Becky,7D,6
6S,KS,4S,QH,KH,7H,4H,JS,9H,QC,jrb,Nd,2
AD,7S,KD,6S,JC,5H,7C,JJ,QD,KC,jrb,8S,10
JJ,5S,QC,4C,5H,TH,KS,KH,8C,JS,jrb,7C,9
AC,8C,JD,9S,5S,QD,7S,TD,6D,QS,Becky,Nd,5
TD,KD,QS,4D,9S,6D,7D,8D,KH,6S,Becky,8D,8
6S,7S,4C,8D,AS,KD,8S,JS,8C,7C,John P,8S,10
JC,TH,7C,KH,AC,6H,AD,5S,8S,JS,John P,9C,9
KS,JC,QD,QH,TD,5D,KD,AC,JD,6C,John P,8D,8
4H,KS,JD,7D,5C,9D,JS,KC,JC,9C,Mike,7C,9
TC,7C,5H,9C,AD,9H,6H,KH,4D,6D,John P,No,5
AC,AH,QD,AD,JD,5D,4C,9H,6S,7H,John P,7D,7
8S,QH,9H,6S,TC,JC,8D,KD,8H,JJ,jrb,8C,9
4H,9C,8D,QC,KH,KC,5D,QS,JJ,6D,jrb,7H,4
AC,6S,9H,JH,6C,JJ,TH,TC,QH,5D,John P,8H,10
JS,5S,TH,JD,KS,TC,JH,AC,QH,KC,John P,7H,8
8D,6C,7S,JH,JS,JD,TH,AD,AH,6H,John P,7H,8
4D,KC,9S,7S,KH,5D,6C,4S,6H,AS,John P,No,0
QH,JJ,6H,5C,AH,TH,5D,JC,JD,6C,John P,7H,10
QD,JJ,8C,QC,JH,9S,4S,8H,9D,JD,Chris,8D,7
6S,QH,AS,4H,9D,8C,4D,TS,4C,JC,Mike,Nl,0
4C,AC,9C,JJ,KS,QD,7H,8S,8C,4H,jrb,Nd,5
8S,QC,QH,9C,TC,JD,8C,AS,6H,KH,jrb,7N,7
4C,AS,9D,8H,TH,JD,5C,AD,5D,5S,Chris,Nl,2
9S,JJ,6C,5D,AH,5H,KS,QS,8S,5S,Chris,7N,7
8H,JJ,5S,TC,6H,AH,JH,QD,QH,AS,jrb,8H,6
TD,AS,TH,JD,7S,QS,AC,4D,JJ,AH,John P,7D,8
8D,4C,QC,4D,6S,JD,8S,QH,AC,9D,Chris,7D,3
7C,9D,JD,QS,AS,5C,KC,6H,8H,6S,jrb,6H,4
TC,AC,AS,9C,4D,JJ,KC,TH,TS,6D,Chris,7N,9
QH,4D,JC,JD,QD,6C,4S,QC,AS,5S,jrb,7C,8
5H,JH,4D,6S,9H,8H,KS,QC,JD,7C,Mike,7H,7
KC,AC,QD,6C,TH,KS,JJ,TC,QC,5H,jrb,7N,10
QH,JS,AS,QS,TC,TH,7C,4D,7S,6H,jrb,8S,9
4S,JH,TC,TS,JD,6C,QD,KS,6D,4H,Mike,7D,9
6S,JD,8S,QH,6C,7S,4C,5H,JC,5C,jrb,No,1
6S,KC,4H,JD,JJ,9D,JC,8S,5H,4C,jrb,7C,8
AC,KS,7H,8C,6S,7C,5H,AD,QS,4S,John P,8S,7
JD,5S,TC,6D,7C,JS,KD,QC,JJ,JH,John P,8D,8
7C,JH,TC,4S,4D,AC,KS,KD,QC,JD,jrb,7D,9
6C,AC,8D,6S,AS,QH,4S,QC,6D,KC,Zach,7N,9
4D,9C,AD,QD,JH,7C,9H,QH,5H,7S,jrb,6H,7
6H,7H,7S,9D,KH,QH,JJ,8D,QS,4H,jrb,7N,9
KC,TD,QH,6D,7D,QD,6H,KD,6S,KH,Dani,7D,5
6C,4D,8D,TD,8H,6H,QS,5S,QC,AS,Dani,Nd,0
QC,7H,9C,7S,6S,5D,QD,JJ,5C,4H,jrb,7N,5
9S,KC,9D,AH,TH,6C,JD,5S,QH,QD,Zach,8H,6
4H,8S,TD,QS,8H,4C,JJ,7S,7D,AH,Zach,7H,7
9D,7C,8C,KH,5C,5H,6S,6C,TD,9C,John P,No,0
8S,JH,KH,JJ,9H,6D,QH,7C,AH,8D,Becky,7H,9
4C,AS,4H,4D,6S,QC,KD,5S,JS,5D,Becky,Nd,2
4S,JS,6D,JD,7C,AC,8C,6H,JJ,KD,Mike,7C,9
4S,AS,5C,8H,6D,KD,JS,4D,8D,5H,Mike,No,1
6S,9C,8S,4D,5H,4C,AD,AS,9H,5S,JRB,No,1
JS,JD,4D,7C,4C,5S,5H,QC,6C,8C,John P,No,1
7D,AS,JS,8C,TD,6S,JJ,4C,JC,TS,John P,8S,9
8S,5H,JH,TS,JS,7H,AD,9H,8C,KD,JRB,7H,9
JH,KS,KH,TS,5C,5H,7C,QH,8C,8H,John P,Nl,0
8S,JC,TC,6C,4D,AS,7S,JH,6D,TH,JRB,7C,9
TD,QH,KH,4H,TC,JD,KS,4S,4C,JH,Becky,7H,8
7C,QC,JH,5C,KH,AD,8D,TH,4C,JJ,JRB,8H,8
TD,KC,8S,5S,KS,6S,8H,KH,6D,9S,Mike,No,1
6S,AH,6D,5C,JD,9C,AD,JJ,QS,5S,Zach,7D,8
8C,7D,5S,QC,JH,9D,8S,JS,5D,4D,Mike,Nl,0
5S,TD,5C,7S,8H,9D,9C,4C,6H,8C,jrb,No,0
7S,TH,8C,JC,JS,6D,KS,QH,6S,5D,Mike,Nd,4
7C,JJ,JS,9H,JD,KC,AD,6D,5C,TS,Mike,8D,9
4H,6H,KS,9H,8C,7H,JS,KH,4D,JH,Zach,Nd,1
TD,7H,7C,TC,5S,JC,KC,8C,JJ,9S,Zach,8C,9
JJ,4D,6H,6C,AD,JH,9C,QH,KS,4C,jrb,7C,8
6D,JD,JS,5D,JC,JJ,7H,6C,9C,TS,Mike,8C,9
JD,4S,9S,5S,4D,KS,6D,7S,TH,5H,Mike,No,0
QS,4C,QC,TC,8C,TD,AH,JS,TS,JC,John P,8C,7
4H,KD,6H,AD,5D,KC,6D,KH,QD,7D,Zach,8N,8
7D,AS,JD,6S,4H,5C,4D,TS,6C,9D,John P,No,0
7H,4H,JD,4C,7S,TH,8D,9C,7C,4S,Mike,Nd,0
8D,7H,8S,AC,5H,8H,9D,5C,JD,TC,John P,No,2
TH,QD,8S,9D,5C,QS,4H,4C,JH,AS,John P,Nd,0
4H,JC,JJ,JH,TC,8S,4S,TS,9H,AS,Zach,7S,8
6D,QS,4H,AC,AS,8H,JC,5C,TC,KC,John P,8N,7
8D,JJ,6D,TH,TD,KC,7D,AH,QS,8H,jrb,Nd,2
5C,4H,QC,8D,8S,6S,KS,TC,4S,6C,Mike,No,0
JJ,JC,QH,6D,AD,8C,4S,QD,7C,7D,Mike,7D,6
KH,8C,7H,JS,4C,QD,9H,4D,9S,7D,jrb,7S,5
KS,AC,7D,JC,9H,QS,JJ,6D,TC,5C,Mike,8C,9
8H,AH,JD,5S,JS,KD,9H,4C,JC,JJ,Mike,7C,9
8S,AC,TS,TC,7C,JS,AS,5D,JC,6C,Mike,8C,10
KC,6D,4H,5D,6C,5H,JC,QS,TH,KS,Zach,Nl,0
8D,TC,JC,9S,6H,4S,4H,JJ,6D,5S,Zach,Nl,0
5C,4H,6S,9H,QS,5H,TC,6C,5S,6D,John P,No,0
TD,QD,5H,QH,JJ,4H,QC,JC,8H,AH,Zach,7H,6
QH,5H,4D,6H,AD,TD,QD,8D,5C,7D,Zach,No,1
JJ,TD,4H,TH,7S,9H,KC,6S,8H,AH,jrb,8H,6
QC,KC,TS,AC,JH,8D,6S,9C,5H,JS,Zach,7C,8
KS,4H,TH,TC,6H,9C,9H,JH,AS,5C,jrb,8C,8
7S,8H,TC,KH,8C,4C,TS,AS,8D,KD,Zach,8S,2
TC,8H,9H,AD,AH,JH,TS,JC,4S,QD,Mike,7H,9
6C,8H,KD,6D,6H,AS,9S,5H,AC,AH,Mike,7N,8
4D,9C,KD,JS,AD,QD,7S,AC,JH,7D,John P,7D,9
AD,8H,6H,JH,4S,7S,4C,KD,5H,8C,John P,Nd,1
JC,AD,JH,AH,8D,5S,9D,4C,7D,JD,John P,7D,8
QD,7C,4S,TH,AC,9C,TC,5C,5S,4H,Mike,No,1
5C,AH,7C,4C,TH,4S,KH,7D,JC,QD,John P,Nl,1
4S,8S,8H,6D,5S,AS,5D,9H,9S,9D,jrb,No,0
AS,JJ,5D,KD,JC,9S,KC,9C,JD,6C,Mike,8C,8
AD,9H,KD,JJ,TS,6D,4C,6C,4S,8C,Mike,7N,8
7C,KC,JS,6C,4S,JH,JC,5S,4H,TC,jrb,8C,8
6D,8D,5C,QS,5H,JD,AD,9S,6H,AS,Mike,8D,9
JD,7H,7S,QD,7C,5D,TS,5H,9D,KH,jrb,7H,9
9C,7H,5S,KS,5H,4D,6C,8D,8H,TC,Mike,No,0
4C,8S,9S,QH,6H,QD,AH,4H,5S,5H,Zach,No,0
7D,AH,4S,QD,5C,TH,8D,4C,6C,5D,Mike,Nd,0
AD,KD,4D,9D,TH,8D,JC,AC,6D,TD,Mike,No,7
9S,JD,JC,8D,JJ,5H,AS,QD,AC,7C,Mike,8C,9
5S,4C,QC,9S,5C,JD,6C,TC,TH,JJ,John P,Nd,5
AS,8S,AH,QS,6C,JH,QD,JS,AC,KH,Zach,7H,10
JH,4S,KH,JJ,JD,4C,AS,QC,6S,TH,Mike,8H,10
6D,TH,4D,5C,7C,QH,8S,9D,AH,JD,Mike,8D,9
9H,JH,QH,4H,5H,4C,7H,5C,7C,9C,Mike,No,0
KD,9S,TC,7C,JC,AS,8D,4H,JH,AC,John P,7H,7
4C,6H,QS,AC,TH,8S,7S,8D,6S,JH,John P,8H,7
JS,JH,TD,KS,JC,AC,7H,QH,9S,TS,John P,8S,8
7S,7C,JC,4S,5D,JS,QS,9S,9H,AH,jrb,8S,9
QC,AC,JC,5S,4S,TH,JJ,6S,9D,KH,Mike,9C,8
5C,AH,7S,KC,6S,AC,5S,9H,JH,TH,jrb,8H,8
TD,8H,QD,AS,AD,JS,KD,8D,7H,4S,Zach,8N,10
6D,AC,7C,AH,TD,QC,JJ,8D,JD,KS,Mike,8N,9
QD,QH,TS,QC,JC,8C,AD,TD,JS,AS,Mike,8S,8
AC,JC,4C,QH,KC,8C,TC,6S,TS,JH,John P,8C,4
9D,4D,6S,7D,5D,5C,6C,9S,JH,JS,Zach,8D,7
KH,7H,JC,4D,9D,QD,TC,AD,5H,JD,Mike,7D,7
QH,QC,JH,9S,TD,7D,AH,8H,8S,KH,Zach,7N,4
6H,9S,7C,5H,KC,TS,8S,6D,5C,9D,Mike,Nd,2
7D,JC,QS,4H,8C,KD,4C,5C,8H,JJ,Mike,7N,10
9H,AS,QH,TS,7S,9C,9D,AD,JS,KH,Zach,7H,10
4D,JJ,4C,5C,8D,4S,AD,5H,8S,QS,John P,Nd,0
7S,5S,7C,4D,AS,5C,8C,5H,6D,7D,jrb,No,0
4C,TS,6S,TC,4D,6C,JS,9C,5D,QC,Zach,No,1
QD,6H,4D,6C,6S,6D,8C,JJ,TS,5D,Zach,7D,6
JS,5C,TC,AD,7S,4D,4H,AS,JH,7D,Zach,7D,7
JH,6D,6C,JS,4C,7C,JJ,6S,AC,KH,jrb,TH,4
9S,7H,8S,TC,8C,6S,QC,9C,6C,JC,Mike,Nd,7
QS,AS,TD,JS,9H,5C,6C,JD,QC,6H,John P,Nl,0
6S,7D,6D,AS,KH,5S,9H,KC,5D,QD,Mike,Nl,1
7S,TH,9C,7H,QD,6C,4S,TC,JJ,4D,Mike,7N,4
6S,6C,JD,TS,TD,QD,KS,9D,8S,5S,John P,8S,7
JC,9D,7H,JS,9S,TC,7S,9H,4S,TH,Mike,7C,9
JH,QC,6S,7D,6C,8D,AC,7C,9C,5D,jrb,Nd,0
AH,6H,AC,JH,8C,7H,KC,4C,KH,AD,John P,8H,8
4C,TC,5C,8S,AS,QD,JC,KD,7S,6C,Becky,8C,6
KS,5D,4C,AS,4S,JD,9H,9D,6H,7H,John P,Nl,1
6D,JH,8S,QH,6C,9H,KS,5H,QC,KH,jrb,9H,9
JJ,KS,AD,8C,5C,AS,6C,TD,9C,KC,Mike,9N,10
KS,5H,9C,KC,AH,8H,9D,7C,5C,QC,John P,Nl,0
4H,JH,8S,QH,9H,7C,6H,KD,KC,TH,Mike,Nd,0
TS,AS,9S,7D,QS,JS,KS,JJ,KD,4C,jrb,8S,9
5S,6D,8S,4D,TC,5D,7D,5H,KH,JJ,jrb,No,1
7H,KD,9S,5D,JJ,9H,QH,JS,6H,4S,Zach,8S,9
5H,JD,AC,JJ,5D,6S,QD,KC,8D,QC,jrb,8D,8
4S,5S,6C,KD,7S,TS,QS,JH,AH,8S,Mike,Nd,2
6S,8D,AH,5C,7C,KH,4C,JH,5D,7S,jrb,No,0
KC,6S,7S,4D,5D,8S,8H,9S,TH,4C,John P,Nl,0
4H,8C,8D,9D,AS,6H,4S,9C,5S,8H,Mike,Nl,0
TD,KD,8D,7C,6S,8C,4C,7H,AD,QD,Frances,7D,7
JC,6H,7H,4H,5C,8C,8S,9S,TC,TD,John P,Nl,0
4S,AS,JS,6D,8C,KS,7C,QS,TS,JJ,Frances,8S,9
JJ,8S,KS,6S,7C,9S,8H,5H,4D,6H,Mike,Nl,3
4S,7D,6S,6C,QD,4C,QS,9C,JS,KD,Becky,No,0
8H,AD,5S,6D,5D,5C,6S,AS,4S,9S,Mike,6N,10
JS,AC,QS,JJ,5H,TS,KD,KS,7H,5C,Mike,8S,10
KC,8D,JS,TS,8C,6C,8S,6D,TH,JJ,John P,7C,8
6D,9D,JH,5D,7D,8C,JS,5S,7C,JJ,jrb,7D,8
4S,9D,4D,KC,KD,7D,KH,7C,QH,4H,John P,Nd,1
AH,JJ,KS,KH,JD,4S,AC,QS,7D,5H,John P,8H,9
4S,6H,6S,5C,5S,QC,QD,AC,QH,8H,Mike,No,0
9H,6H,KC,9C,9S,8D,4S,6S,8C,4D,Mike,Nl,0
4D,8C,6C,6S,7S,JD,5C,JS,5H,KC,jrb,7S,8
5S,4D,6H,TD,6S,7H,KD,KH,AS,8H,jrb,8N,4
7D,AD,8C,9H,5S,JH,7H,JS,6H,8D,Mike,9D,9
QD,JJ,8C,5H,AD,QC,JD,6D,QS,6S,Mike,7D,10
6D,8S,AS,7C,4S,6H,TH,7D,JH,JJ,Mike,7H,9
8H,4D,9C,5S,TC,KS,5C,KH,7H,JH,jrb,7H,9
QD,9S,6D,JH,AD,JJ,8C,5S,AC,6H,Zach,7D,8
6D,KD,6C,6S,9D,QH,9S,4S,5D,TD,jrb,Nd,3
KC,6C,JH,7C,8C,KH,TD,KS,AH,4S,Mike,8N,5
7H,6D,6H,5D,AC,4H,QS,9S,4D,KC,jrb,Nd,0
6C,KS,7C,8D,7H,AS,4D,JS,5H,5D,Mike,No,1
7S,TC,4C,4H,6C,JC,8H,6H,5S,JD,jrb,Nd,2
4H,9S,6H,5D,TD,TS,9H,5H,AC,QD,Mike,Nd,0
AH,6S,6H,JH,KS,5H,TC,8D,QD,JS,jrb,7H,7
6D,JC,TC,TS,AS,AC,8C,JS,JJ,7C,jrb,8C,10
QD,KS,AD,8C,4C,AC,AS,7H,8D,6H,jrb,7N,5
JH,7D,7S,JC,5D,AC,KD,9C,KH,5S,jrb,7C,7
6H,JH,9D,TS,8H,JJ,TH,KS,AD,QH,jrb,8H,8
7D,4H,5D,QC,JJ,JD,8H,5C,JS,4S,Mike,7D,6
6S,JC,8D,AS,QD,AH,8C,5D,TC,QC,John P,8C,10
JD,AC,KH,4S,6D,8S,KS,7C,JH,QH,Frances,7H,7
AC,4C,5D,JD,AH,5C,8C,8H,AD,4D,jrb,Nl,1
5C,AD,QS,AC,8H,QC,AS,8C,KC,KD,Frances,8C,9
AD,9D,AH,9H,JD,8S,8D,4H,KC,TD,John P,8D,6
8S,JC,4C,JS,5S,7C,8H,6S,QH,AS,jrb,8S,9
4C,9S,7S,JJ,5S,5H,4D,AS,KD,6C,Zach,No,0
9D,6S,4C,7D,4D,9C,JJ,5C,QS,6D,John P,No,0
6C,KS,TS,QC,AD,TC,7H,JH,9H,9D,jrb,7H,6
QH,4C,8C,AS,7C,8S,JH,TS,KC,QD,Mike,8D,8
AD,TS,JJ,7D,QD,6S,JC,8H,8D,TH,Mike,7D,10
KS,6S,QD,TH,JJ,QS,QH,8H,JS,TS,Zach,8S,7
8H,KH,JH,QS,JD,9D,8D,KS,7S,TD,Zach,8D,10
AC,7H,8C,7C,TC,7D,QS,JS,9S,4S,Zach,Nd,4
QS,4C,KH,7C,6C,4S,QD,8C,KD,TD,Mike,No,0
JC,JS,QH,KC,9D,5S,4H,KD,4D,AC,Mike,7C,6
KC,AH,5H,AS,KD,9S,5C,TC,8C,4H,jrb,6N,6
7C,8C,QS,TC,JJ,KC,KH,6H,7H,5S,Zach,7C,8
KD,4C,5H,6H,4H,QS,9H,AS,KC,4D,Mike,No,1
4C,9C,TC,6D,5H,KH,4H,5D,5S,KD,John P,Nl,1
6C,4H,6S,TS,9S,KC,8C,6H,5H,QD,Zach,No,2
QC,TD,KC,6D,AC,AH,4H,9D,JH,4D,Zach,Nd,0
KH,4C,AD,4D,5D,6C,5C,TH,QD,5S,Mike,No,0
5S,JS,AH,7H,QS,9D,6C,8C,KS,AD,John P,9S,6
QS,AC,6C,4D,8D,QC,JD,AD,6D,QD,Zach,8D,9
KH,TC,AC,5C,AH,JJ,6D,8C,7S,6H,Zach,7N,9
4H,7S,TS,AD,AH,4C,7H,JC,JS,7D,jrb,8S,6
JH,JJ,5D,QC,6D,JS,JD,TC,9C,6C,jrb,7D,10
9D,KS,QS,KD,5S,JJ,4D,4H,AH,QC,jrb,8N,5
AD,AH,TS,JC,7C,5H,5S,KH,8S,7D,Zach,7S,9
KC,KS,TH,6D,5D,9D,QS,5H,6S,4H,John P,No,2
7H,5H,7S,7C,8D,4S,4C,5S,TH,QS,Mike,Nl,0
7H,QS,JH,TD,4C,TH,KH,JD,6C,AH,Mike,8H,9
QC,5D,KS,7D,KD,8H,KH,4S,5S,AH,Mike,7N,5
6D,KS,JS,AC,QD,5H,8C,KH,JD,6H,jrb,7H,7
JC,8S,6C,7D,4C,5D,5S,8H,4H,TH,John P,Nd,3
4C,8C,AD,KD,4S,8H,4D,KC,KH,QS,Mike,7N,8
JH,5H,JD,TC,AD,4S,JS,7C,6C,9S,John P,7D,5
9D,6S,5C,8C,5S,6H,4H,6D,KC,9S,Mike,No,0
AH,JC,5D,7C,QS,JS,JJ,4D,QD,7D,Zach,7C,9
JD,AC,7D,KD,JJ,8D,4C,TC,6S,QH,jrb,7D,7
JH,KD,6C,8D,AD,JD,TS,4H,7S,5S,John P,7D,9
AD,9H,4S,8D,JS,5D,JH,6D,6C,QD,Becky,7D,7
KD,8C,4C,5C,4D,6C,6S,4H,JC,JJ,jrb,No,0
6H,7S,6S,KS,JD,7H,4H,TH,8S,4D,Mike,No,1
8D,AC,QS,9D,5D,AS,5H,9S,TC,QH,Mike,7N,10
QS,JD,8D,QD,KD,5C,5H,9D,9H,JJ,John P,7D,8
JH,TC,9H,4C,QH,KC,JJ,JD,KH,7C,John P,8H,9
KS,7D,8C,7H,KH,6D,AH,9H,4S,AC,Mike,8S,8
JD,9H,9D,QC,6C,8S,4D,AC,JC,9C,John P,8H,6
9S,4D,QC,6D,8C,KS,KD,AS,AC,QS,Mike,7N,7
9D,9C,KC,6D,JD,4D,AS,TD,TH,JH,Mike,8D,8
QC,JD,4D,QS,4S,6S,QH,6H,TS,6C,Mike,Nd,4
JD,KD,5C,7H,JH,JJ,AS,TC,AD,TS,John P,8D,8
8D,KD,JJ,9H,QC,6S,4C,KS,8S,7D,Becky,7D,10
KD,QD,JS,QS,4C,7C,6D,AC,JJ,8S,jrb,8S,8
8C,JS,4S,KC,5S,JJ,9S,QS,QH,JC,jrb,9S,10
9H,JS,5D,5H,5S,6S,9C,8H,TH,4D,John P,No,0
AS,9C,8C,TS,JH,KC,QS,6C,4C,7C,John P,8C,9
8C,8H,5D,AD,7D,TH,4D,QS,AS,9C,Mike,8S,8
7D,KD,4C,KC,JH,JJ,6C,6D,8D,AH,Mike,7D,9
QS,AC,7C,TC,JJ,6D,KC,TH,8S,KH,Mike,7N,10
7H,5D,KS,8D,5C,QH,JJ,8S,4H,AS,Mike,7N,8
JJ,6C,7H,8D,8C,8H,6H,4D,9H,4C,John P,No,0
5C,4S,4H,TS,6S,7C,8D,5D,9C,KC,John P,No,1
JS,QS,JD,AH,6H,KD,KC,9D,4S,AS,Chris,7D,9
JS,8H,JJ,KD,9H,4C,JC,7H,KC,QD,John P,8C,7
TH,KS,AC,7D,QD,9D,JJ,4H,AD,8H,Mike,8N,6
KS,5C,8S,KD,6C,8C,4D,JS,6S,JD,Mike,No,0
AC,JS,JH,5D,7D,JD,JC,6H,TS,8D,Chris,7D,8
KC,7C,AS,5H,JH,5C,9C,9H,7S,JD,Mike,7H,7
KH,6C,JD,TS,7H,9C,4H,9D,TD,JJ,Zach,7H,7
JJ,AS,6S,9D,KC,QS,9H,QC,5C,8H,Zach,7N,8
5D,KS,6D,JH,KD,8H,4D,7H,4H,5C,Mike,No,0
7D,TH,TS,AS,6H,4H,QH,AH,KC,5H,jrb,Nd,3
AC,TS,JD,7H,JJ,JS,6H,7C,QC,7S,Zach,7C,7
AH,6D,4C,5C,KD,8D,QD,TD,7C,9S,John P,Nd,2
8C,QH,6S,KS,JC,QD,8S,7H,AC,JS,John P,8S,9
4S,5H,JH,4D,6C,AH,7C,JJ,9D,9S,Zach,7H,6
AC,7S,8S,AS,4S,TD,7H,6C,5D,QD,Mike,Nd,0
5H,9H,4C,8S,JC,KS,6S,9D,KC,6D,Zach,Nd,5
6H,QS,KS,TD,9H,8S,AC,KC,5C,AS,jrb,7N,7
4H,JS,TC,5D,8H,KS,JJ,4C,JH,5H,Zach,7H,6
KD,8D,AS,JJ,4D,8C,7D,AD,5C,KC,John P,7N,9
5C,6H,6C,AH,QH,AC,JJ,JC,8H,KS,jrb,7C,8
QD,KS,7H,JJ,4H,AS,8H,QH,8C,6D,Zach,7H,9
QH,6D,AC,9S,6C,7H,7S,JD,9D,JC,jrb,9C,9
QH,9H,9D,5D,AH,4H,JJ,JH,8H,QD,jrb,8H,9
8D,9D,JH,8C,7H,4C,4S,5D,TS,6H,John P,No,0
5S,4S,4C,JJ,5H,6C,TC,JS,TS,8D,Dani,Nd,0
4S,4C,6H,5D,6D,9C,8C,QH,JC,8H,Mike,No,0
6S,KC,4S,TC,TD,6D,5C,4H,JD,5S,Mike,No,1
4S,KS,4H,AD,KH,6S,5S,8C,JC,4C,John P,Nd,0
JJ,TS,AC,AS,QC,KC,9C,9S,9D,8C,John P,8N,8
6C,JJ,7S,5D,9S,TS,QS,7H,JD,KC,Mike,8H,7
7D,9H,QS,QD,QH,KD,AD,TD,6H,5D,jrb,7N,8
4S,5S,JJ,KD,JH,AC,QH,9H,8S,TS,John P,7H,9
JS,5H,9S,4C,6S,TS,QS,QC,QH,9C,Becky,8S,6
JD,JC,JJ,6H,5H,TD,AS,7D,AH,7H,jrb,8D,8
7H,JS,TD,TC,JD,QS,8C,JH,AH,4S,Mike,7H,7
5C,4D,4C,5S,AC,4H,TC,9D,8D,QD,jrb,Nl,0
AH,5H,AS,4H,5D,KD,6H,KC,5C,9H,jrb,7N,7
5D,8H,9S,JD,KS,AH,7D,QD,JC,AS,John P,8D,7
KS,JH,AH,AC,4S,5D,JC,TH,JS,QH,John P,8S,10
TD,6D,QD,JS,8S,JC,JD,6S,KC,TC,Becky,9C,5
QS,8C,JH,6D,4D,JJ,9C,TH,KC,5C,Zach,7N,6
QD,9H,KH,AS,JS,8H,8S,6H,KS,9S,jrb,8S,7
4H,5S,JC,7C,JD,9D,5C,9S,8S,4D,John P,No,1
QC,8S,9C,8H,QS,JD,9D,AS,5C,5S,Zach,7C,5
4D,4C,KC,6D,JD,QC,8S,5S,JJ,JS,Zach,7D,7
8D,7D,4S,6D,QS,9S,QC,7C,JH,JJ,Becky,7D,9
QD,4S,JH,6D,TS,QH,JD,AC,4C,4D,jrb,8D,8
QC,TC,JD,7H,AC,KC,4S,JS,4C,9S,Becky,8C,9
KD,5C,9D,4C,KC,6C,7H,AH,AC,5D,jrb,9D,10
TS,TH,6C,4H,4S,4C,AD,6S,9D,KD,Zach,Nd,1
QS,9S,7D,8C,5C,QH,4H,AS,JD,9H,John P,8H,7
TD,4S,TS,6C,6S,JJ,7D,5D,AC,8C,Mike,Nl,0
6S,KH,AH,4S,8H,TS,KC,7S,5H,7D,Jrb,Nl,0
6D,TC,6C,9S,QC,KD,9C,9H,5D,KS,Mike,9N,10
AS,4C,7D,QD,TC,6H,JH,6D,5S,JS,John P,Nd,3
4C,QD,8C,7H,JJ,TH,TC,JC,7S,AD,John P,7C,6
5C,AC,4D,6C,QS,JH,AH,KH,TC,9D,Jrb,7H,9
9H,5S,6S,AS,4S,5D,7S,TD,QC,KS,Mike,7N,7
8S,AD,QH,4C,AH,6H,9H,9D,7D,AS,Mike,7N,6
TH,AC,8H,4C,5D,4D,JC,5S,AS,JH,Mike,Nl,0
9D,4D,JD,5C,4C,8C,4H,6D,JS,6H,jrb,9D,9
JD,QC,8H,AH,QS,4C,5S,KS,5H,KH,Becky,7H,8
6D,JD,9H,5D,TD,JS,JH,KS,QS,8S,Mike,8D,9
QD,TC,7C,JJ,KH,6C,KD,AH,6H,6S,jrb,7N,7
JS,6D,5D,QS,8H,TS,8C,QD,6S,5S,John P,Nd,0
JJ,8H,JD,7D,7C,AH,7H,9D,AS,KC,jrb,7N,9
QH,6C,7C,7D,9C,JC,QS,AD,TD,AC,Mike,7C,8
JH,6S,6H,TS,AH,7C,TH,9H,QC,8C,jrb,8H,6
7C,4C,4S,6S,8S,5D,KD,6H,5S,AC,John P,No,0
6H,7C,9C,JJ,4D,KC,9S,JC,5D,KS,John P,7C,8
AH,AD,5D,QC,6H,JD,JH,7D,AS,4C,jrb,8D,9
JJ,8C,9D,4C,6D,TC,KH,JD,6H,7H,John P,6H,7
7S,6S,JD,7C,TC,7H,8S,KH,5S,4C,Becky,Nd,0
TS,4S,5H,8C,9D,6H,7S,TC,7C,QD,jrb,No,1
TS,4D,7H,JD,JJ,AD,5D,JS,TD,5S,Becky,7D,8
KC,AH,4H,5D,8H,5H,AD,JH,JJ,4D,Mike,8H,8
6H,5H,8H,KS,9H,4D,8S,TC,AH,JS,John P,Nd,0
9D,7C,TH,9C,QH,JJ,4D,8S,5H,7D,Mike,Nl,7
JD,7D,TS,JC,6C,QH,8D,7S,AH,KH,jrb,7H,7
JC,JS,9H,8C,QS,KS,7H,AC,5C,5S,Mike,8C,10
AH,TH,5H,4C,4D,8H,JJ,6H,8S,KH,John P,No,0
9H,JD,TS,AD,5H,KD,QS,5C,8S,KH,Mike,8H,9
JJ,TC,AH,9D,6D,QH,QS,9H,9C,JS,John P,7S,6
7C,AC,5C,8D,4D,KS,8H,9D,KC,4H,Mike,Nd,4
6H,8S,TH,5S,9S,4S,6D,9H,QS,4D,John P,Nd,0
JD,5D,9D,4H,9C,7D,5C,AC,6D,8C,Becky,Nl,1
JS,KH,QH,9D,4D,8D,JJ,7S,9C,TS,Mike,7H,5
4S,KC,QH,5C,QD,QS,5D,TH,JJ,6H,Becky,8H,7
5D,6C,4H,JH,KS,7D,JD,QS,TD,AD,Becky,8D,10
7S,KD,5C,QC,8S,6S,KC,5S,9S,QD,jrb,Nl,0
4D,JS,6S,4C,AS,AH,7S,4S,JC,KD,jrb,8S,8
KS,6D,AC,8D,JH,QH,9C,7C,JC,JD,John P,8D,8
5H,7H,KC,AD,AH,7D,8D,QH,JH,AS,John P,9H,7
TH,JD,8D,8H,AC,6H,TS,8C,7D,4S,jrb,7H,5
KS,6S,KD,TC,5C,7S,JH,JD,4S,AD,John P,7D,10
AC,JH,6H,QH,AH,4S,JD,TS,4C,7D,Mike,8H,9
KC,QD,TS,QC,TD,JJ,5S,8S,7C,QS,jrb,8N,10
KS,9H,9C,4D,7C,TS,JD,TC,4S,TH,Mike,7D,7
8C,QD,8H,7D,7H,KH,8D,AD,AH,6C,Becky,8D,7
8D,9S,TS,JJ,9C,QC,6C,4S,JS,KH,John P,Nd,1
6S,KD,4H,6D,AD,7D,JC,5S,4S,AC,John P,No,0
QH,6S,6C,4D,9D,5S,KS,4S,5C,5H,Becky,Nl,1
7C,5H,6D,5C,6C,9D,8C,4S,QS,QD,jrb,Nl,0
4S,9S,5C,8H,6D,7H,QC,4C,TC,QD,Becky,Nl,0
8S,KS,8H,TS,6S,5H,JS,5D,7S,JC,jrb,8S,10
8S,7C,8D,5D,AS,KS,4C,KH,AC,4S,Becky,8N,6
AC,6D,KC,QC,TC,8S,8H,4D,AD,4C,Mike,7N,7
TD,9H,AC,TH,4C,AS,4H,6D,JD,QD,jrb,9D,8
8S,5H,AD,KD,QD,9D,4C,7C,7D,5S,John P,Nd,4
JS,TS,AC,KH,4D,QC,6S,8S,TD,7S,Mike,7S,8
TD,9C,JH,6S,JD,5C,TH,KH,6H,4S,Becky,7D,8
KC,5S,TC,8C,4C,QH,7S,9H,AH,4D,John P,Nd,3
5S,JD,QS,TH,TD,KC,7C,6H,JJ,8S,John P,8H,6
KS,6D,5S,QC,AS,7S,9S,5H,TS,TD,Becky,Nd,0
8S,AD,TD,9D,5D,QD,4S,7C,JH,6C,Mike,7D,7
KC,8S,6C,AC,8H,7H,4C,4H,JH,6D,John P,Nl,0
4D,QS,TD,TH,7D,KS,7H,JH,AD,9H,jrb,8H,5
KH,JJ,4D,5S,7C,QD,8S,4H,TS,AD,Becky,Nl,1
9S,9H,5S,5D,8C,KH,KS,6C,TC,4S,Becky,Nd,6
JS,8S,5H,6C,TH,4S,8H,5S,TS,JD,Mike,No,0
QC,KS,9H,6C,JH,9D,TC,TS,QH,5S,Mike,7D,4
TD,KS,QD,4C,4D,AH,QS,KH,JS,AS,Becky,8S,8
AH,QC,KH,JJ,6D,KD,AS,4S,6H,7C,John P,7N,10
5S,9C,8C,6D,4C,4S,TS,AC,JC,TC,Mike,9C,5
AH,7S,4H,9C,8C,6H,JH,TH,7D,7C,Mike,7H,6
KD,5C,JC,4H,TC,QD,8C,AD,JJ,AS,John P,8C,10
4S,9C,AD,QD,QS,6H,4H,TC,6D,QH,Mike,Nl,0
QC,4D,7D,9S,6C,6S,7H,7S,KC,4H,Becky,Nd,3
6C,KH,4D,JD,AH,9H,TD,QD,4H,4C,Becky,8H,9
5C,6C,8S,4S,4H,AD,JD,AC,6D,5S,John P,No,0
JD,4C,4S,9C,JJ,KS,5C,KH,JS,6H,jrb,7S,10
7H,QC,5S,JC,6S,8C,TC,7S,KS,AC,Becky,8C,7
JH,JJ,JS,KS,4S,4C,TC,5S,8C,QH,Mike,7S,6
7C,8D,JD,KD,AH,6D,KH,7D,9D,5S,Becky,7D,10
KD,JJ,5C,AS,6C,KC,AH,JD,8D,JC,Mike,7C,8
KC,AS,7D,8H,6S,7S,4D,AH,5D,5H,jrb,Nl,1
JS,9S,QS,QD,JJ,8C,KS,AH,TD,AC,John P,8C,8
4C,AD,JH,6C,QD,KS,QH,TH,4H,7H,Becky,8H,10
7S,7D,4C,8H,JS,6C,TS,9C,8D,KS,Mike,Nl,0
4D,4H,9C,KS,6H,AS,4S,5S,JJ,KH,Becky,Nd,0
TS,5C,5S,TH,JJ,7S,JH,KS,AS,7D,Mike,7N,8
KD,TC,8S,KC,AC,7C,8H,TS,QD,8C,JRB,8N,5
5H,6H,QD,QC,6S,5D,7C,5S,4H,4C,Becky,No,0
JJ,QS,5C,KC,5D,6S,JC,9C,7H,4S,Becky,7C,9
6C,AH,KH,JS,7S,TH,TS,9H,8H,9D,Mike,7N,4
4C,QC,TH,KC,QS,7C,8H,8D,4D,JC,Becky,7C,7
6S,KS,AD,7D,AC,5S,7S,9C,6H,AH,John P,8S,9
5D,5C,4D,JJ,AH,7S,9D,6H,8D,8H,JRB,Nl,0
QH,TS,9D,AD,AS,9S,8H,KD,JH,TD,jrb,8D,7
8H,AC,QC,QD,4C,KS,6C,8C,AS,8D,Zach,7N,9
JJ,TH,7S,QC,QD,AH,JC,8D,7H,JS,jrb,8C,7
TH,7D,5H,JH,6C,9D,JS,5S,7S,KH,Zach,8H,9
KH,8D,TH,4H,QS,8H,6H,7H,7D,QC,John P,Nl,0
8D,8H,JC,JD,4S,5S,KD,AC,JJ,TH,Mike,8C,9
8D,KH,7S,TS,9S,9H,4H,AD,8H,4S,Becky,Nl,0
8H,JC,6H,AH,KC,5H,TC,TH,AS,4H,jrb,7H,6
9H,TS,8H,6C,TH,QH,8D,5H,TD,JJ,John P,8H,9
4C,AS,QS,TH,9H,7D,QD,KH,JC,KS,jrb,8N,7
7C,6D,AH,TS,KD,8D,TD,5D,4S,8S,Becky,6D,7
TC,5C,8H,TD,KH,KC,JJ,AH,6D,4S,Mike,8N,10
5S,JD,5D,QS,8S,4D,5C,TD,4H,KC,John P,No,0
JH,JD,4D,5D,7D,8D,QH,AC,QS,5S,Zach,8D,8
TD,5H,9C,JH,5S,4C,QD,8S,QC,AC,Zach,9C,10
7H,TC,JH,5H,AH,AD,JD,9S,AC,7S,John P,8H,9
QS,QH,KC,QD,KD,4C,JS,8H,JJ,TS,Zach,8S,4
AC,KS,JC,AH,8C,4H,TC,5C,AS,AD,Mike,8C,9
JD,AS,7D,QC,AD,4C,5S,TD,TS,JJ,Mike,8D,8
9C,6S,7D,5D,9D,JD,8H,JC,4D,JJ,John P,8D,8
AD,TS,KH,JS,6S,8S,8H,KD,JC,9S,Mike,8S,7
JD,8D,AD,JJ,7S,7C,9C,KD,QS,AH,Zach,7N,9
7C,AH,AS,4D,8C,TS,QS,9S,6S,5H,Mike,No,5
9H,5D,AH,4D,9C,TH,6H,5S,5C,5H,jrb,No,0
4H,TC,6S,9D,8H,QD,4D,9C,TD,5C,John P,7D,5
JC,4S,JS,9C,7H,7S,QH,9S,8S,8C,Mike,8S,6
4H,7D,KD,9S,8H,9D,6D,JJ,9C,TC,Mike,TN,7
JS,TC,KD,9H,6D,7D,TD,JC,6S,AH,Mike,7C,8
7H,QD,9H,5D,4C,6H,TH,KC,TD,9C,Becky,No,1
JJ,9C,9S,QC,TS,7D,5C,6H,QD,8H,John P,8H,8
JD,9C,4H,QH,AH,4S,AD,KC,5C,JJ,Mike,8H,8
TH,4D,4H,7S,KC,JH,TS,4S,QS,6H,Zach,No,0
8H,JJ,KD,JC,JD,TS,TD,AH,4D,9D,Zach,8D,10
6D,JC,KH,KS,KC,AS,9H,AC,QC,TD,Mike,7N,8
6S,9D,4C,6D,5H,JH,KC,7H,JD,7S,jrb,7D,10
6S,JS,TS,KC,TD,JJ,7S,AS,KH,8D,jrb,8S,8
TD,AH,6S,KH,6C,5C,KD,6H,9C,8C,Zach,Nd,1
8H,JJ,6C,7H,4C,6H,JH,TD,9H,KC,jrb,8H,7
8C,TC,QC,8S,4D,7S,9D,JC,9H,4S,jrb,7C,6
5C,7D,4H,KH,AC,JJ,5S,KS,9D,4D,Zach,No,0
4D,QS,AC,9H,5S,JH,KS,7H,KD,5C,John P,7H,8
7S,AS,7C,AC,JC,JD,AD,8D,TD,JJ,Mike,8D,10
6H,AD,7H,9S,4C,8C,QS,JH,9D,5H,jrb,7H,5
6D,AC,4H,JC,9C,9D,7H,TC,7D,JD,Mike,7H,7
8D,AH,6C,6S,5D,5H,8H,TD,JH,7C,Becky,Nl,0
6H,JH,TH,9H,6C,KD,AD,9C,5C,5D,Becky,7H,5
5S,JD,AS,KC,8S,4S,QC,8C,JH,KD,jrb,7H,4
8S,QH,JD,8H,KH,7S,TC,KD,6S,4C,jrb,7H,7
6H,5H,6D,8C,4D,5D,JC,TD,8S,QS,John P,9D,8
8D,TS,KS,TD,7H,QD,QH,JD,JJ,9D,John P,7D,9
TH,9H,8S,6S,4S,TC,6D,9S,KH,4H,Mike,Nd,1
5S,AC,7S,QH,JS,6D,6H,TD,TH,AH,Becky,8C,6
AD,4S,5S,TS,JH,QH,JJ,9C,JD,8H,Mike,7H,10
6C,7H,4D,QH,TD,4H,AH,9C,5S,4S,Becky,Nl,2
KS,4D,QH,9H,5S,7C,9S,6C,7H,4S,Mike,No,0
